Spectrum ID	Database ID	InChi Key	Solvent	Sample pH	Frequency	Atom number (pretend it's the corresponding InChI number for now)	Shift (ppm)
1834	HMDB02005	QEFRNWWLZKMPFJ-UHFFFAOYSA-N	Water	7	500 MHz	4	2.31
1834	HMDB02005	QEFRNWWLZKMPFJ-UHFFFAOYSA-N	Water	7	500 MHz	7	2.74
1834	HMDB02005	QEFRNWWLZKMPFJ-UHFFFAOYSA-N	Water	7	500 MHz	3	3.02
1834	HMDB02005	QEFRNWWLZKMPFJ-UHFFFAOYSA-N	Water	7	500 MHz	5	3.87
1551	HMDB00808	WPSSBBPLVMTKRN-UHFFFAOYSA-N	Water	7	500 MHz	10	0.91
1551	HMDB00808	WPSSBBPLVMTKRN-UHFFFAOYSA-N	Water	7	500 MHz	9	1.61
1551	HMDB00808	WPSSBBPLVMTKRN-UHFFFAOYSA-N	Water	7	500 MHz	8	2.28
1551	HMDB00808	WPSSBBPLVMTKRN-UHFFFAOYSA-N	Water	7	500 MHz	4	3.94
1551	HMDB00808	WPSSBBPLVMTKRN-UHFFFAOYSA-N	Water	7	500 MHz	10	3.94
1093	HMDB00122	WQZGKKKJIJFFOK-GASJEMHNSA-N	Water	7	600 MHz	3	3.233
1093	HMDB00122	WQZGKKKJIJFFOK-GASJEMHNSA-N	Water	7	600 MHz	5	3.398
1093	HMDB00122	WQZGKKKJIJFFOK-GASJEMHNSA-N	Water	7	600 MHz	6	3.458
1093	HMDB00122	WQZGKKKJIJFFOK-GASJEMHNSA-N	Water	7	600 MHz	3	3.524
1093	HMDB00122	WQZGKKKJIJFFOK-GASJEMHNSA-N	Water	7	600 MHz	4	3.728
1093	HMDB00122	WQZGKKKJIJFFOK-GASJEMHNSA-N	Water	7	600 MHz	11	3.728
1093	HMDB00122	WQZGKKKJIJFFOK-GASJEMHNSA-N	Water	7	600 MHz	11	3.824
1093	HMDB00122	WQZGKKKJIJFFOK-GASJEMHNSA-N	Water	7	600 MHz	6	3.824
1093	HMDB00122	WQZGKKKJIJFFOK-GASJEMHNSA-N	Water	7	600 MHz	11	3.889
1093	HMDB00122	WQZGKKKJIJFFOK-GASJEMHNSA-N	Water	7	600 MHz	2	4.634
1093	HMDB00122	WQZGKKKJIJFFOK-GASJEMHNSA-N	Water	7	600 MHz	2	5.223
1132	HMDB00168	DCXYFEDJOCDNAF-REOHCLBHSA-N	Water	7	500 MHz	4	4
1132	HMDB00168	DCXYFEDJOCDNAF-REOHCLBHSA-N	Water	7	500 MHz	6	2.94
1132	HMDB00168	DCXYFEDJOCDNAF-REOHCLBHSA-N	Water	7	500 MHz	6	2.84
1850	HMDB02092	LVHBHZANLOWSRM-UHFFFAOYSA-N	Water	7	500 MHz	4	3.4
1850	HMDB02092	LVHBHZANLOWSRM-UHFFFAOYSA-N	Water	7	500 MHz	8	5.85
1850	HMDB02092	LVHBHZANLOWSRM-UHFFFAOYSA-N	Water	7	500 MHz	8	6.33
1605	HMDB00925	UYPYRKYUKCHHIB-UHFFFAOYSA-N	Water	7	500 MHz	3	3.25
1605	HMDB00925	UYPYRKYUKCHHIB-UHFFFAOYSA-N	Water	7	500 MHz	1	3.25
1605	HMDB00925	UYPYRKYUKCHHIB-UHFFFAOYSA-N	Water	7	500 MHz	4	3.25
1409	HMDB00535	FUZZWVXGSFPDMH-UHFFFAOYSA-N	Water	7	500 MHz	8	0.86
1409	HMDB00535	FUZZWVXGSFPDMH-UHFFFAOYSA-N	Water	7	500 MHz	7	1.28
1409	HMDB00535	FUZZWVXGSFPDMH-UHFFFAOYSA-N	Water	7	500 MHz	6	1.28
1409	HMDB00535	FUZZWVXGSFPDMH-UHFFFAOYSA-N	Water	7	500 MHz	5	1.54
1409	HMDB00535	FUZZWVXGSFPDMH-UHFFFAOYSA-N	Water	7	500 MHz	4	2.16
1482	HMDB00694	HWXBTNAVRSUOJR-VKHMYHEASA-N	Water	7	500 MHz	6	1.83
1482	HMDB00694	HWXBTNAVRSUOJR-VKHMYHEASA-N	Water	7	500 MHz	6	1.98
1482	HMDB00694	HWXBTNAVRSUOJR-VKHMYHEASA-N	Water	7	500 MHz	7	2.25
1482	HMDB00694	HWXBTNAVRSUOJR-VKHMYHEASA-N	Water	7	500 MHz	4	4.01
1668	HMDB01248	VWWQXMAJTJZDQX-UYBVJOGSSA-N	Water	7	500 MHz	52	2.32
1668	HMDB01248	VWWQXMAJTJZDQX-UYBVJOGSSA-N	Water	7	500 MHz	53	2.39
1668	HMDB01248	VWWQXMAJTJZDQX-UYBVJOGSSA-N	Water	7	500 MHz	31	3.89
1668	HMDB01248	VWWQXMAJTJZDQX-UYBVJOGSSA-N	Water	7	500 MHz	26	4.06
1668	HMDB01248	VWWQXMAJTJZDQX-UYBVJOGSSA-N	Water	7	500 MHz	25	4.33
1668	HMDB01248	VWWQXMAJTJZDQX-UYBVJOGSSA-N	Water	7	500 MHz	17	4.33
1668	HMDB01248	VWWQXMAJTJZDQX-UYBVJOGSSA-N	Water	7	500 MHz	5	4.33
1668	HMDB01248	VWWQXMAJTJZDQX-UYBVJOGSSA-N	Water	7	500 MHz	33	4.33
1668	HMDB01248	VWWQXMAJTJZDQX-UYBVJOGSSA-N	Water	7	500 MHz	4	4.46
1668	HMDB01248	VWWQXMAJTJZDQX-UYBVJOGSSA-N	Water	7	500 MHz	3	4.5
1668	HMDB01248	VWWQXMAJTJZDQX-UYBVJOGSSA-N	Water	7	500 MHz	2	5.82
1668	HMDB01248	VWWQXMAJTJZDQX-UYBVJOGSSA-N	Water	7	500 MHz	46	7.54
1668	HMDB01248	VWWQXMAJTJZDQX-UYBVJOGSSA-N	Water	7	500 MHz	49	7.6
1668	HMDB01248	VWWQXMAJTJZDQX-UYBVJOGSSA-N	Water	7	500 MHz	12	7.85
1668	HMDB01248	VWWQXMAJTJZDQX-UYBVJOGSSA-N	Water	7	500 MHz	7	8.3
2057	HMDB11749	XUWHAWMETYGRKB-UHFFFAOYSA-N	Water	7	500 MHz	3	1.75
2057	HMDB11749	XUWHAWMETYGRKB-UHFFFAOYSA-N	Water	7	500 MHz	4	1.75
2057	HMDB11749	XUWHAWMETYGRKB-UHFFFAOYSA-N	Water	7	500 MHz	5	2.32
2057	HMDB11749	XUWHAWMETYGRKB-UHFFFAOYSA-N	Water	7	500 MHz	2	3.28
1860	HMDB02176	WLAMNBDJUVNPJU-UHFFFAOYSA-N	Water	7	500 MHz	6	0.86
1860	HMDB02176	WLAMNBDJUVNPJU-UHFFFAOYSA-N	Water	7	500 MHz	7	1.07
1860	HMDB02176	WLAMNBDJUVNPJU-UHFFFAOYSA-N	Water	7	500 MHz	5	1.43
1860	HMDB02176	WLAMNBDJUVNPJU-UHFFFAOYSA-N	Water	7	500 MHz	5	1.53
1860	HMDB02176	WLAMNBDJUVNPJU-UHFFFAOYSA-N	Water	7	500 MHz	4	2.3
1149	HMDB00181	WTDRDQBEARUVNC-LURJTMIESA-N	Water	7	500 MHz	9	2.98
1149	HMDB00181	WTDRDQBEARUVNC-LURJTMIESA-N	Water	7	500 MHz	9	3.14
1149	HMDB00181	WTDRDQBEARUVNC-LURJTMIESA-N	Water	7	500 MHz	10	3.92
1149	HMDB00181	WTDRDQBEARUVNC-LURJTMIESA-N	Water	7	500 MHz	4	6.72
1149	HMDB00181	WTDRDQBEARUVNC-LURJTMIESA-N	Water	7	500 MHz	6	6.82
1149	HMDB00181	WTDRDQBEARUVNC-LURJTMIESA-N	Water	7	500 MHz	3	6.89
1755	HMDB01851	HEBKCHPVOIAQTA-IMJSIDKUSA-N	Water	7	500 MHz	5	3.57
1755	HMDB01851	HEBKCHPVOIAQTA-IMJSIDKUSA-N	Water	7	500 MHz	2	3.66
1755	HMDB01851	HEBKCHPVOIAQTA-IMJSIDKUSA-N	Water	7	500 MHz	3	3.75
1755	HMDB01851	HEBKCHPVOIAQTA-IMJSIDKUSA-N	Water	7	500 MHz	9	3.83
1755	HMDB01851	HEBKCHPVOIAQTA-IMJSIDKUSA-N	Water	7	500 MHz	7	3.93
1743	HMDB01713	KKSDGJDHHZEWEP-SNAWJCMRSA-N	Water	6.9	500 MHz	9	6.48
1743	HMDB01713	KKSDGJDHHZEWEP-SNAWJCMRSA-N	Water	6.9	500 MHz	2	6.91
1743	HMDB01713	KKSDGJDHHZEWEP-SNAWJCMRSA-N	Water	6.9	500 MHz	6	7.08
1743	HMDB01713	KKSDGJDHHZEWEP-SNAWJCMRSA-N	Water	6.9	500 MHz	4	7.16
1743	HMDB01713	KKSDGJDHHZEWEP-SNAWJCMRSA-N	Water	6.9	500 MHz	3	7.33
1743	HMDB01713	KKSDGJDHHZEWEP-SNAWJCMRSA-N	Water	6.9	500 MHz	8	7.33
1737	HMDB01586	HXXFSFRBOHSIMQ-GASJEMHNSA-N	Water	7	500 MHz	2	5.45
1737	HMDB01586	HXXFSFRBOHSIMQ-GASJEMHNSA-N	Water	7	500 MHz	3	3.91
1737	HMDB01586	HXXFSFRBOHSIMQ-GASJEMHNSA-N	Water	7	500 MHz	13	3.87
1737	HMDB01586	HXXFSFRBOHSIMQ-GASJEMHNSA-N	Water	7	500 MHz	4	3.75
1737	HMDB01586	HXXFSFRBOHSIMQ-GASJEMHNSA-N	Water	7	500 MHz	6	3.48
1737	HMDB01586	HXXFSFRBOHSIMQ-GASJEMHNSA-N	Water	7	500 MHz	5	3.39
1316	HMDB00292	LRFVTYWOQMYALW-UHFFFAOYSA-N	Water	7	500 MHz	2	7.89
1680	HMDB01311	JVTAAEKCZFNVCJ-UWTATZPHSA-N	Water	7	500 MHz	6	1.4
1404	HMDB00517	ODKSFYDXXFIFQN-BYPYZUCNSA-N	Water	7	500 MHz	7	1.68
1404	HMDB00517	ODKSFYDXXFIFQN-BYPYZUCNSA-N	Water	7	500 MHz	6	1.9
1404	HMDB00517	ODKSFYDXXFIFQN-BYPYZUCNSA-N	Water	7	500 MHz	8	3.23
1404	HMDB00517	ODKSFYDXXFIFQN-BYPYZUCNSA-N	Water	7	500 MHz	4	3.76
1477	HMDB00687	ROHFNLRQFUQHCH-YFKPBYRVSA-N	Water	7	500 MHz	8	0.948
1477	HMDB00687	ROHFNLRQFUQHCH-YFKPBYRVSA-N	Water	7	500 MHz	9	0.948
1477	HMDB00687	ROHFNLRQFUQHCH-YFKPBYRVSA-N	Water	7	500 MHz	7	1.7
1477	HMDB00687	ROHFNLRQFUQHCH-YFKPBYRVSA-N	Water	7	500 MHz	6	1.7
1477	HMDB00687	ROHFNLRQFUQHCH-YFKPBYRVSA-N	Water	7	500 MHz	4	3.722
1344	HMDB00357	WHBMMWSBFZVSSR-UHFFFAOYSA-N	Water	7	500 MHz	3	1.204
1344	HMDB00357	WHBMMWSBFZVSSR-UHFFFAOYSA-N	Water	7	500 MHz	4	2.314
1344	HMDB00357	WHBMMWSBFZVSSR-UHFFFAOYSA-N	Water	7	500 MHz	4	2.414
1344	HMDB00357	WHBMMWSBFZVSSR-UHFFFAOYSA-N	Water	7	500 MHz	2	4.16
1142	HMDB00175	GRSZFWQUAKGDAV-KQYNXXCUSA-N	Water	7	500 MHz	17	4.02
1142	HMDB00175	GRSZFWQUAKGDAV-KQYNXXCUSA-N	Water	7	500 MHz	5	4.36
1142	HMDB00175	GRSZFWQUAKGDAV-KQYNXXCUSA-N	Water	7	500 MHz	4	4.5
1142	HMDB00175	GRSZFWQUAKGDAV-KQYNXXCUSA-N	Water	7	500 MHz	2	6.13
1142	HMDB00175	GRSZFWQUAKGDAV-KQYNXXCUSA-N	Water	7	500 MHz	12	8.21
1142	HMDB00175	GRSZFWQUAKGDAV-KQYNXXCUSA-N	Water	7	500 MHz	7	8.55
1200	HMDB00211	CDAISMWEOUEBRE-GPIVLXJGSA-N	Water	7	600 MHz	2	3.268
1200	HMDB00211	CDAISMWEOUEBRE-GPIVLXJGSA-N	Water	7	600 MHz	6	3.524
1200	HMDB00211	CDAISMWEOUEBRE-GPIVLXJGSA-N	Water	7	600 MHz	4	3.524
1200	HMDB00211	CDAISMWEOUEBRE-GPIVLXJGSA-N	Water	7	600 MHz	3	3.613
1200	HMDB00211	CDAISMWEOUEBRE-GPIVLXJGSA-N	Water	7	600 MHz	1	3.613
1200	HMDB00211	CDAISMWEOUEBRE-GPIVLXJGSA-N	Water	7	600 MHz	5	4.053
1762	HMDB01860	QUNWUDVFRNGTCO-UHFFFAOYSA-N	Water	7	500 MHz	12	3.32
1762	HMDB01860	QUNWUDVFRNGTCO-UHFFFAOYSA-N	Water	7	500 MHz	10	4.03
1762	HMDB01860	QUNWUDVFRNGTCO-UHFFFAOYSA-N	Water	7	500 MHz	2	8.34
1363	HMDB00423	DZAUWHJDUNRCTF-UHFFFAOYSA-N	Water	7	600 MHz	3	6.89
1363	HMDB00423	DZAUWHJDUNRCTF-UHFFFAOYSA-N	Water	7	600 MHz	6	6.82
1363	HMDB00423	DZAUWHJDUNRCTF-UHFFFAOYSA-N	Water	7	600 MHz	4	6.72
1363	HMDB00423	DZAUWHJDUNRCTF-UHFFFAOYSA-N	Water	7	600 MHz	10	3.92
1363	HMDB00423	DZAUWHJDUNRCTF-UHFFFAOYSA-N	Water	7	600 MHz	9	3.14
1363	HMDB00423	DZAUWHJDUNRCTF-UHFFFAOYSA-N	Water	7	600 MHz	9	2.98
2056	HMDB11745	XUYPXLNMDZIRQH-UHFFFAOYSA-N	Water	7	500 MHz	4	1.97
2056	HMDB11745	XUYPXLNMDZIRQH-UHFFFAOYSA-N	Water	7	500 MHz	11	2.03
2056	HMDB11745	XUYPXLNMDZIRQH-UHFFFAOYSA-N	Water	7	500 MHz	2	2.1
2056	HMDB11745	XUYPXLNMDZIRQH-UHFFFAOYSA-N	Water	7	500 MHz	4	2.13
2056	HMDB11745	XUYPXLNMDZIRQH-UHFFFAOYSA-N	Water	7	500 MHz	3	2.57
2056	HMDB11745	XUYPXLNMDZIRQH-UHFFFAOYSA-N	Water	7	500 MHz	5	4.37
2056	HMDB11745	XUYPXLNMDZIRQH-UHFFFAOYSA-N	Water	7	500 MHz	6	8.17
1929	HMDB03134	BAQMYDQNMFBZNA-MNXVOIDGSA-N	Water	7	500 MHz	3	4.61
1929	HMDB03134	BAQMYDQNMFBZNA-MNXVOIDGSA-N	Water	7	500 MHz	7	4.42
1929	HMDB03134	BAQMYDQNMFBZNA-MNXVOIDGSA-N	Water	7	500 MHz	21	3.72
1929	HMDB03134	BAQMYDQNMFBZNA-MNXVOIDGSA-N	Water	7	500 MHz	8	3.34
1929	HMDB03134	BAQMYDQNMFBZNA-MNXVOIDGSA-N	Water	7	500 MHz	17	3.19
1929	HMDB03134	BAQMYDQNMFBZNA-MNXVOIDGSA-N	Water	7	500 MHz	2	3
1929	HMDB03134	BAQMYDQNMFBZNA-MNXVOIDGSA-N	Water	7	500 MHz	2	2.78
1929	HMDB03134	BAQMYDQNMFBZNA-MNXVOIDGSA-N	Water	7	500 MHz	13	2.25
1929	HMDB03134	BAQMYDQNMFBZNA-MNXVOIDGSA-N	Water	7	500 MHz	20	1.86
1929	HMDB03134	BAQMYDQNMFBZNA-MNXVOIDGSA-N	Water	7	500 MHz	10	1.72
1929	HMDB03134	BAQMYDQNMFBZNA-MNXVOIDGSA-N	Water	7	500 MHz	12	1.62
1929	HMDB03134	BAQMYDQNMFBZNA-MNXVOIDGSA-N	Water	7	500 MHz	10	1.55
1929	HMDB03134	BAQMYDQNMFBZNA-MNXVOIDGSA-N	Water	7	500 MHz	11	1.55
1929	HMDB03134	BAQMYDQNMFBZNA-MNXVOIDGSA-N	Water	7	500 MHz	18	1.55
1929	HMDB03134	BAQMYDQNMFBZNA-MNXVOIDGSA-N	Water	7	500 MHz	19	1.4
1929	HMDB03134	BAQMYDQNMFBZNA-MNXVOIDGSA-N	Water	7	500 MHz	11	1.4
1581	HMDB00881	FBZONXHGGPHHIY-UHFFFAOYSA-N	Water	7	500 MHz	6	7.37
1581	HMDB00881	FBZONXHGGPHHIY-UHFFFAOYSA-N	Water	7	500 MHz	7	7.16
1581	HMDB00881	FBZONXHGGPHHIY-UHFFFAOYSA-N	Water	7	500 MHz	8	6.99
1581	HMDB00881	FBZONXHGGPHHIY-UHFFFAOYSA-N	Water	7	500 MHz	3	6.71
1025	HMDB00008	AFENDNXGAFYKQO-UHFFFAOYSA-N	Water	7.02	600 MHz	4	0.886
1025	HMDB00008	AFENDNXGAFYKQO-UHFFFAOYSA-N	Water	7.02	600 MHz	3	1.641
1025	HMDB00008	AFENDNXGAFYKQO-UHFFFAOYSA-N	Water	7.02	600 MHz	3	1.734
1025	HMDB00008	AFENDNXGAFYKQO-UHFFFAOYSA-N	Water	7.02	600 MHz	2	3.99
1858	HMDB02141	DLAMVQGYEVKIRE-UHFFFAOYSA-N	Water	7	500 MHz	8	1.59
1858	HMDB02141	DLAMVQGYEVKIRE-UHFFFAOYSA-N	Water	7	500 MHz	7	1.59
1858	HMDB02141	DLAMVQGYEVKIRE-UHFFFAOYSA-N	Water	7	500 MHz	6	3.84
1809	HMDB01930	VMXUWOKSQNHOCA-UKTHLTGXSA-N	Water	7	500 MHz	13	2.85
1809	HMDB01930	VMXUWOKSQNHOCA-UKTHLTGXSA-N	Water	7	500 MHz	16	2.85
1809	HMDB01930	VMXUWOKSQNHOCA-UKTHLTGXSA-N	Water	7	500 MHz	20	2.85
1809	HMDB01930	VMXUWOKSQNHOCA-UKTHLTGXSA-N	Water	7	500 MHz	8	2.91
1809	HMDB01930	VMXUWOKSQNHOCA-UKTHLTGXSA-N	Water	7	500 MHz	9	3.45
1809	HMDB01930	VMXUWOKSQNHOCA-UKTHLTGXSA-N	Water	7	500 MHz	6	3.85
1809	HMDB01930	VMXUWOKSQNHOCA-UKTHLTGXSA-N	Water	7	500 MHz	14	4.33
1809	HMDB01930	VMXUWOKSQNHOCA-UKTHLTGXSA-N	Water	7	500 MHz	3	6.39
1809	HMDB01930	VMXUWOKSQNHOCA-UKTHLTGXSA-N	Water	7	500 MHz	4	6.66
1809	HMDB01930	VMXUWOKSQNHOCA-UKTHLTGXSA-N	Water	7	500 MHz	17	6.85
1730	HMDB01547	OMFXVFTZEKFJBZ-HJTSIMOOSA-N	Water	7	600 MHz	19	0.81
1730	HMDB01547	OMFXVFTZEKFJBZ-HJTSIMOOSA-N	Water	7	600 MHz	19	0.82
1730	HMDB01547	OMFXVFTZEKFJBZ-HJTSIMOOSA-N	Water	7	600 MHz	4	1.15
1730	HMDB01547	OMFXVFTZEKFJBZ-HJTSIMOOSA-N	Water	7	600 MHz	2	1.17
1730	HMDB01547	OMFXVFTZEKFJBZ-HJTSIMOOSA-N	Water	7	600 MHz	14	1.17
1730	HMDB01547	OMFXVFTZEKFJBZ-HJTSIMOOSA-N	Water	7	600 MHz	15	1.37
1730	HMDB01547	OMFXVFTZEKFJBZ-HJTSIMOOSA-N	Water	7	600 MHz	20	1.38
1730	HMDB01547	OMFXVFTZEKFJBZ-HJTSIMOOSA-N	Water	7	600 MHz	6	1.66
1730	HMDB01547	OMFXVFTZEKFJBZ-HJTSIMOOSA-N	Water	7	600 MHz	16	1.76
1730	HMDB01547	OMFXVFTZEKFJBZ-HJTSIMOOSA-N	Water	7	600 MHz	15	1.76
1730	HMDB01547	OMFXVFTZEKFJBZ-HJTSIMOOSA-N	Water	7	600 MHz	8	1.76
1730	HMDB01547	OMFXVFTZEKFJBZ-HJTSIMOOSA-N	Water	7	600 MHz	3	1.93
1730	HMDB01547	OMFXVFTZEKFJBZ-HJTSIMOOSA-N	Water	7	600 MHz	14	1.93
1730	HMDB01547	OMFXVFTZEKFJBZ-HJTSIMOOSA-N	Water	7	600 MHz	6	2.07
1730	HMDB01547	OMFXVFTZEKFJBZ-HJTSIMOOSA-N	Water	7	600 MHz	8	2.15
1730	HMDB01547	OMFXVFTZEKFJBZ-HJTSIMOOSA-N	Water	7	600 MHz	16	2.3
1730	HMDB01547	OMFXVFTZEKFJBZ-HJTSIMOOSA-N	Water	7	600 MHz	13	2.38
1730	HMDB01547	OMFXVFTZEKFJBZ-HJTSIMOOSA-N	Water	7	600 MHz	9	2.56
1730	HMDB01547	OMFXVFTZEKFJBZ-HJTSIMOOSA-N	Water	7	600 MHz	17	2.56
1730	HMDB01547	OMFXVFTZEKFJBZ-HJTSIMOOSA-N	Water	7	600 MHz	9	2.94
1730	HMDB01547	OMFXVFTZEKFJBZ-HJTSIMOOSA-N	Water	7	600 MHz	13	2.94
1730	HMDB01547	OMFXVFTZEKFJBZ-HJTSIMOOSA-N	Water	7	600 MHz	24	4.32
1730	HMDB01547	OMFXVFTZEKFJBZ-HJTSIMOOSA-N	Water	7	600 MHz	11	5.76
1573	HMDB00863	KFZMGEQAYNKOFK-UHFFFAOYSA-N	Water	7.2	500 MHz	4	1.162
1573	HMDB00863	KFZMGEQAYNKOFK-UHFFFAOYSA-N	Water	7.2	500 MHz	3	1.162
1573	HMDB00863	KFZMGEQAYNKOFK-UHFFFAOYSA-N	Water	7.2	500 MHz	2	4.012
1721	HMDB01520	FVTCRASFADXXNN-SCRDCRAPSA-N	Water	7	500 MHz	20	2.39
1721	HMDB01520	FVTCRASFADXXNN-SCRDCRAPSA-N	Water	7	500 MHz	21	2.52
1721	HMDB01520	FVTCRASFADXXNN-SCRDCRAPSA-N	Water	7	500 MHz	22	3.89
1721	HMDB01520	FVTCRASFADXXNN-SCRDCRAPSA-N	Water	7	500 MHz	24	3.89
1721	HMDB01520	FVTCRASFADXXNN-SCRDCRAPSA-N	Water	7	500 MHz	26	4.07
1721	HMDB01520	FVTCRASFADXXNN-SCRDCRAPSA-N	Water	7	500 MHz	18	4.3
1721	HMDB01520	FVTCRASFADXXNN-SCRDCRAPSA-N	Water	7	500 MHz	17	4.41
1721	HMDB01520	FVTCRASFADXXNN-SCRDCRAPSA-N	Water	7	500 MHz	11	7.64
1721	HMDB01520	FVTCRASFADXXNN-SCRDCRAPSA-N	Water	7	500 MHz	14	7.8
2058	HMDB11751	BJJQJLOZWBZEGA-UHFFFAOYSA-N	Water	7	500 MHz	10	2.58
2058	HMDB11751	BJJQJLOZWBZEGA-UHFFFAOYSA-N	Water	7	500 MHz	9	2.89
2058	HMDB11751	BJJQJLOZWBZEGA-UHFFFAOYSA-N	Water	7	500 MHz	8	3.82
2058	HMDB11751	BJJQJLOZWBZEGA-UHFFFAOYSA-N	Water	7	500 MHz	4	6.88
2058	HMDB11751	BJJQJLOZWBZEGA-UHFFFAOYSA-N	Water	7	500 MHz	6	6.88
2058	HMDB11751	BJJQJLOZWBZEGA-UHFFFAOYSA-N	Water	7	500 MHz	2	6.88
2058	HMDB11751	BJJQJLOZWBZEGA-UHFFFAOYSA-N	Water	7	500 MHz	3	7.3
1095	HMDB00124	GSXOAOHZAIYLCY-HSUXUTPPSA-N	Water	7	500 MHz	20	4.23
1095	HMDB00124	GSXOAOHZAIYLCY-HSUXUTPPSA-N	Water	7	500 MHz	19	4.11
1095	HMDB00124	GSXOAOHZAIYLCY-HSUXUTPPSA-N	Water	7	500 MHz	4	4.11
1095	HMDB00124	GSXOAOHZAIYLCY-HSUXUTPPSA-N	Water	7	500 MHz	27	3.92
1095	HMDB00124	GSXOAOHZAIYLCY-HSUXUTPPSA-N	Water	7	500 MHz	11	3.92
1095	HMDB00124	GSXOAOHZAIYLCY-HSUXUTPPSA-N	Water	7	500 MHz	3	3.92
1095	HMDB00124	GSXOAOHZAIYLCY-HSUXUTPPSA-N	Water	7	500 MHz	5	3.92
1095	HMDB00124	GSXOAOHZAIYLCY-HSUXUTPPSA-N	Water	7	500 MHz	21	3.92
1095	HMDB00124	GSXOAOHZAIYLCY-HSUXUTPPSA-N	Water	7	500 MHz	7	3.65
1095	HMDB00124	GSXOAOHZAIYLCY-HSUXUTPPSA-N	Water	7	500 MHz	23	3.55
1068	HMDB00071	VGONTNSXDCQUGY-RRKCRQDMSA-N	Water	7	500 MHz	7	8.32
1068	HMDB00071	VGONTNSXDCQUGY-RRKCRQDMSA-N	Water	7	500 MHz	12	8.22
1068	HMDB00071	VGONTNSXDCQUGY-RRKCRQDMSA-N	Water	7	500 MHz	2	6.49
1068	HMDB00071	VGONTNSXDCQUGY-RRKCRQDMSA-N	Water	7	500 MHz	4	4.66
1068	HMDB00071	VGONTNSXDCQUGY-RRKCRQDMSA-N	Water	7	500 MHz	5	4.18
1068	HMDB00071	VGONTNSXDCQUGY-RRKCRQDMSA-N	Water	7	500 MHz	16	3.85
1068	HMDB00071	VGONTNSXDCQUGY-RRKCRQDMSA-N	Water	7	500 MHz	16	3.79
1068	HMDB00071	VGONTNSXDCQUGY-RRKCRQDMSA-N	Water	7	500 MHz	3	2.85
1068	HMDB00071	VGONTNSXDCQUGY-RRKCRQDMSA-N	Water	7	500 MHz	3	2.6
2052	HMDB11635	WGNAKZGUSRVWRH-UHFFFAOYSA-N	Water	7	500 MHz	10	2.22
2052	HMDB11635	WGNAKZGUSRVWRH-UHFFFAOYSA-N	Water	7	500 MHz	5	6.79
2052	HMDB11635	WGNAKZGUSRVWRH-UHFFFAOYSA-N	Water	7	500 MHz	3	6.79
2052	HMDB11635	WGNAKZGUSRVWRH-UHFFFAOYSA-N	Water	7	500 MHz	6	7.1
2052	HMDB11635	WGNAKZGUSRVWRH-UHFFFAOYSA-N	Water	7	500 MHz	2	7.1
2052	HMDB11635	WGNAKZGUSRVWRH-UHFFFAOYSA-N	Water	7	500 MHz	12	8.52
1700	HMDB01406	DFPAKSUCGFBDDF-UHFFFAOYSA-N	Water	7	600 MHz	5	7.58
1700	HMDB01406	DFPAKSUCGFBDDF-UHFFFAOYSA-N	Water	7	600 MHz	4	8.24
1700	HMDB01406	DFPAKSUCGFBDDF-UHFFFAOYSA-N	Water	7	600 MHz	6	8.7
1700	HMDB01406	DFPAKSUCGFBDDF-UHFFFAOYSA-N	Water	7	600 MHz	2	8.92
1659	HMDB01197	YPZRHBJKEMOYQH-UYBVJOGSSA-N	Water	7	500 MHz	52	2.32
1659	HMDB01197	YPZRHBJKEMOYQH-UYBVJOGSSA-N	Water	7	500 MHz	53	2.39
1659	HMDB01197	YPZRHBJKEMOYQH-UYBVJOGSSA-N	Water	7	500 MHz	31	3.89
1659	HMDB01197	YPZRHBJKEMOYQH-UYBVJOGSSA-N	Water	7	500 MHz	26	4.06
1659	HMDB01197	YPZRHBJKEMOYQH-UYBVJOGSSA-N	Water	7	500 MHz	25	4.33
1659	HMDB01197	YPZRHBJKEMOYQH-UYBVJOGSSA-N	Water	7	500 MHz	17	4.33
1659	HMDB01197	YPZRHBJKEMOYQH-UYBVJOGSSA-N	Water	7	500 MHz	5	4.33
1659	HMDB01197	YPZRHBJKEMOYQH-UYBVJOGSSA-N	Water	7	500 MHz	33	4.33
1659	HMDB01197	YPZRHBJKEMOYQH-UYBVJOGSSA-N	Water	7	500 MHz	4	4.46
1659	HMDB01197	YPZRHBJKEMOYQH-UYBVJOGSSA-N	Water	7	500 MHz	3	4.5
1659	HMDB01197	YPZRHBJKEMOYQH-UYBVJOGSSA-N	Water	7	500 MHz	2	5.82
1659	HMDB01197	YPZRHBJKEMOYQH-UYBVJOGSSA-N	Water	7	500 MHz	46	7.54
1659	HMDB01197	YPZRHBJKEMOYQH-UYBVJOGSSA-N	Water	7	500 MHz	49	7.6
1659	HMDB01197	YPZRHBJKEMOYQH-UYBVJOGSSA-N	Water	7	500 MHz	12	7.85
1659	HMDB01197	YPZRHBJKEMOYQH-UYBVJOGSSA-N	Water	7	500 MHz	7	8.3
1665	HMDB01227	GYOZYWVXFNDGLU-XLPZGREQSA-N	Water	7	500 MHz	19	1.91
1665	HMDB01227	GYOZYWVXFNDGLU-XLPZGREQSA-N	Water	7	500 MHz	3	2.36
1665	HMDB01227	GYOZYWVXFNDGLU-XLPZGREQSA-N	Water	7	500 MHz	13	4.07
1665	HMDB01227	GYOZYWVXFNDGLU-XLPZGREQSA-N	Water	7	500 MHz	5	4.17
1665	HMDB01227	GYOZYWVXFNDGLU-XLPZGREQSA-N	Water	7	500 MHz	2	6.35
1665	HMDB01227	GYOZYWVXFNDGLU-XLPZGREQSA-N	Water	7	500 MHz	11	7.76
1390	HMDB00484	WKOLLVMJNQIZCI-UHFFFAOYSA-N	Water	6.9	500 MHz	8	3.9
1390	HMDB00484	WKOLLVMJNQIZCI-UHFFFAOYSA-N	Water	6.9	500 MHz	3	6.93
1390	HMDB00484	WKOLLVMJNQIZCI-UHFFFAOYSA-N	Water	6.9	500 MHz	4	7.45
1390	HMDB00484	WKOLLVMJNQIZCI-UHFFFAOYSA-N	Water	6.9	500 MHz	6	7.52
1689	HMDB01368	OJOLFAIGOXZBCI-UHFFFAOYSA-N	Water	7	500 MHz	2	2.84
1689	HMDB01368	OJOLFAIGOXZBCI-UHFFFAOYSA-N	Water	7	500 MHz	2	3.85
1697	HMDB01398	LHGVFZTZFXWLCP-UHFFFAOYSA-N	Water	7	500 MHz	8	3.9
1697	HMDB01398	LHGVFZTZFXWLCP-UHFFFAOYSA-N	Water	7	500 MHz	6	6.88
1697	HMDB01398	LHGVFZTZFXWLCP-UHFFFAOYSA-N	Water	7	500 MHz	5	6.88
1697	HMDB01398	LHGVFZTZFXWLCP-UHFFFAOYSA-N	Water	7	500 MHz	4	6.88
1697	HMDB01398	LHGVFZTZFXWLCP-UHFFFAOYSA-N	Water	7	500 MHz	3	6.95
2011	HMDB04987	OAMLVOVXNKILLQ-BQBZGAKWSA-N	Water	7	500 MHz	13	4.19
2011	HMDB04987	OAMLVOVXNKILLQ-BQBZGAKWSA-N	Water	7	500 MHz	4	4.14
2011	HMDB04987	OAMLVOVXNKILLQ-BQBZGAKWSA-N	Water	7	500 MHz	11	3
2011	HMDB04987	OAMLVOVXNKILLQ-BQBZGAKWSA-N	Water	7	500 MHz	15	2.85
2011	HMDB04987	OAMLVOVXNKILLQ-BQBZGAKWSA-N	Water	7	500 MHz	15	2.65
2011	HMDB04987	OAMLVOVXNKILLQ-BQBZGAKWSA-N	Water	7	500 MHz	8	1.82
2011	HMDB04987	OAMLVOVXNKILLQ-BQBZGAKWSA-N	Water	7	500 MHz	8	1.75
2011	HMDB04987	OAMLVOVXNKILLQ-BQBZGAKWSA-N	Water	7	500 MHz	10	1.68
2011	HMDB04987	OAMLVOVXNKILLQ-BQBZGAKWSA-N	Water	7	500 MHz	9	1.41
1820	HMDB01942	DLNKOYKMWOXYQA-VXNVDRBHSA-N	Water	7	500 MHz	11	1.2
1820	HMDB01942	DLNKOYKMWOXYQA-VXNVDRBHSA-N	Water	7	500 MHz	9	3.69
1820	HMDB01942	DLNKOYKMWOXYQA-VXNVDRBHSA-N	Water	7	500 MHz	7	4.96
1820	HMDB01942	DLNKOYKMWOXYQA-VXNVDRBHSA-N	Water	7	500 MHz	4	7.43
1820	HMDB01942	DLNKOYKMWOXYQA-VXNVDRBHSA-N	Water	7	500 MHz	2	7.43
1820	HMDB01942	DLNKOYKMWOXYQA-VXNVDRBHSA-N	Water	7	500 MHz	6	7.43
1820	HMDB01942	DLNKOYKMWOXYQA-VXNVDRBHSA-N	Water	7	500 MHz	5	7.49
1820	HMDB01942	DLNKOYKMWOXYQA-VXNVDRBHSA-N	Water	7	500 MHz	3	7.49
1675	HMDB01266	LKDRXBCSQODPBY-BGPJRJDNSA-N	Water	7	500 MHz	5	3.49
1675	HMDB01266	LKDRXBCSQODPBY-BGPJRJDNSA-N	Water	7	500 MHz	10	3.49
1675	HMDB01266	LKDRXBCSQODPBY-BGPJRJDNSA-N	Water	7	500 MHz	10	3.65
1675	HMDB01266	LKDRXBCSQODPBY-BGPJRJDNSA-N	Water	7	500 MHz	4	3.65
1675	HMDB01266	LKDRXBCSQODPBY-BGPJRJDNSA-N	Water	7	500 MHz	3	3.65
1675	HMDB01266	LKDRXBCSQODPBY-BGPJRJDNSA-N	Water	7	500 MHz	2	3.65
1067	HMDB00070	HXEACLLIILLPRG-UHFFFAOYSA-N	Water	7	500 MHz	5	1.63
1067	HMDB00070	HXEACLLIILLPRG-UHFFFAOYSA-N	Water	7	500 MHz	3	1.63
1067	HMDB00070	HXEACLLIILLPRG-UHFFFAOYSA-N	Water	7	500 MHz	4	1.63
1067	HMDB00070	HXEACLLIILLPRG-UHFFFAOYSA-N	Water	7	500 MHz	3	1.86
1067	HMDB00070	HXEACLLIILLPRG-UHFFFAOYSA-N	Water	7	500 MHz	4	1.86
1067	HMDB00070	HXEACLLIILLPRG-UHFFFAOYSA-N	Water	7	500 MHz	5	2.21
1067	HMDB00070	HXEACLLIILLPRG-UHFFFAOYSA-N	Water	7	500 MHz	3	2.99
1067	HMDB00070	HXEACLLIILLPRG-UHFFFAOYSA-N	Water	7	500 MHz	2	3.4
1067	HMDB00070	HXEACLLIILLPRG-UHFFFAOYSA-N	Water	7	500 MHz	6	3.57
1561	HMDB00832	SAVLIIGUQOSOEP-UHFFFAOYSA-N	Water	7	500 MHz	14	0.85
1561	HMDB00832	SAVLIIGUQOSOEP-UHFFFAOYSA-N	Water	7	500 MHz	13	1.28
1561	HMDB00832	SAVLIIGUQOSOEP-UHFFFAOYSA-N	Water	7	500 MHz	12	1.28
1561	HMDB00832	SAVLIIGUQOSOEP-UHFFFAOYSA-N	Water	7	500 MHz	11	1.28
1561	HMDB00832	SAVLIIGUQOSOEP-UHFFFAOYSA-N	Water	7	500 MHz	10	1.28
1561	HMDB00832	SAVLIIGUQOSOEP-UHFFFAOYSA-N	Water	7	500 MHz	9	1.57
1561	HMDB00832	SAVLIIGUQOSOEP-UHFFFAOYSA-N	Water	7	500 MHz	8	2.28
1561	HMDB00832	SAVLIIGUQOSOEP-UHFFFAOYSA-N	Water	7	500 MHz	4	3.74
1793	HMDB01904	FBTSQILOGYXGMD-LURJTMIESA-N	Water	7	500 MHz	10	3.07
1793	HMDB01904	FBTSQILOGYXGMD-LURJTMIESA-N	Water	7	500 MHz	10	3.2
1793	HMDB01904	FBTSQILOGYXGMD-LURJTMIESA-N	Water	7	500 MHz	11	3.95
1793	HMDB01904	FBTSQILOGYXGMD-LURJTMIESA-N	Water	7	500 MHz	6	7
1793	HMDB01904	FBTSQILOGYXGMD-LURJTMIESA-N	Water	7	500 MHz	5	7.42
1793	HMDB01904	FBTSQILOGYXGMD-LURJTMIESA-N	Water	7	500 MHz	3	7.92
1847	HMDB02074	GOHPTLYPQCTZSE-UHFFFAOYSA-N	Water	7	500 MHz	8	1.25
1847	HMDB02074	GOHPTLYPQCTZSE-UHFFFAOYSA-N	Water	7	500 MHz	9	1.25
1847	HMDB02074	GOHPTLYPQCTZSE-UHFFFAOYSA-N	Water	7	500 MHz	5	2.66
1058	HMDB00056	UCMIRNVEIXFBKS-UHFFFAOYSA-N	Water	7	600 MHz	5	3.17
1058	HMDB00056	UCMIRNVEIXFBKS-UHFFFAOYSA-N	Water	7	600 MHz	4	2.54
1386	HMDB00473	BVIAOQMSVZHOJM-UHFFFAOYSA-N	Water	7	500 MHz	12	3.27
1386	HMDB00473	BVIAOQMSVZHOJM-UHFFFAOYSA-N	Water	7	500 MHz	11	3.27
1386	HMDB00473	BVIAOQMSVZHOJM-UHFFFAOYSA-N	Water	7	500 MHz	6	7.94
1386	HMDB00473	BVIAOQMSVZHOJM-UHFFFAOYSA-N	Water	7	500 MHz	2	7.96
1036	HMDB00022	DIVQKHQLANKJQO-UHFFFAOYSA-N	Water	7	500 MHz	10	2.94
1036	HMDB00022	DIVQKHQLANKJQO-UHFFFAOYSA-N	Water	7	500 MHz	11	3.26
1036	HMDB00022	DIVQKHQLANKJQO-UHFFFAOYSA-N	Water	7	500 MHz	8	3.88
1036	HMDB00022	DIVQKHQLANKJQO-UHFFFAOYSA-N	Water	7	500 MHz	4	6.83
1036	HMDB00022	DIVQKHQLANKJQO-UHFFFAOYSA-N	Water	7	500 MHz	3	6.92
1036	HMDB00022	DIVQKHQLANKJQO-UHFFFAOYSA-N	Water	7	500 MHz	6	6.99
1723	HMDB01525	RAXXELZNTBOGNW-UHFFFAOYSA-N	Water	7	500 MHz	2	8.18
1723	HMDB01525	RAXXELZNTBOGNW-UHFFFAOYSA-N	Water	7	500 MHz	4	7.28
1723	HMDB01525	RAXXELZNTBOGNW-UHFFFAOYSA-N	Water	7	500 MHz	5	7.28
1510	HMDB00736	LRCNOZRCYBNMEP-UHFFFAOYSA-N	Water	7	500 MHz	4	5.61
1510	HMDB00736	LRCNOZRCYBNMEP-UHFFFAOYSA-N	Water	7	500 MHz	5	3.88
1510	HMDB00736	LRCNOZRCYBNMEP-UHFFFAOYSA-N	Water	7	500 MHz	5	3.62
1510	HMDB00736	LRCNOZRCYBNMEP-UHFFFAOYSA-N	Water	7	500 MHz	7	3.18
1510	HMDB00736	LRCNOZRCYBNMEP-UHFFFAOYSA-N	Water	7	500 MHz	14	3.18
1510	HMDB00736	LRCNOZRCYBNMEP-UHFFFAOYSA-N	Water	7	500 MHz	13	3.18
1510	HMDB00736	LRCNOZRCYBNMEP-UHFFFAOYSA-N	Water	7	500 MHz	8	2.64
1510	HMDB00736	LRCNOZRCYBNMEP-UHFFFAOYSA-N	Water	7	500 MHz	10	2.59
1510	HMDB00736	LRCNOZRCYBNMEP-UHFFFAOYSA-N	Water	7	500 MHz	10	2.51
1510	HMDB00736	LRCNOZRCYBNMEP-UHFFFAOYSA-N	Water	7	500 MHz	9	1.15
1510	HMDB00736	LRCNOZRCYBNMEP-UHFFFAOYSA-N	Water	7	500 MHz	15	1.13
1932	HMDB03156	OWBTYPJTUOEWEK-UHFFFAOYSA-N	Water	7	500 MHz	5	1.13
1932	HMDB03156	OWBTYPJTUOEWEK-UHFFFAOYSA-N	Water	7	500 MHz	6	1.13
1932	HMDB03156	OWBTYPJTUOEWEK-UHFFFAOYSA-N	Water	7	500 MHz	3	3.61
1932	HMDB03156	OWBTYPJTUOEWEK-UHFFFAOYSA-N	Water	7	500 MHz	2	3.61
1932	HMDB03156	OWBTYPJTUOEWEK-UHFFFAOYSA-N	Water	7	500 MHz	1	3.71
1932	HMDB03156	OWBTYPJTUOEWEK-UHFFFAOYSA-N	Water	7	500 MHz	4	3.71
2054	HMDB11723	YOEBAVRJHRCKRE-UHFFFAOYSA-N	Water	7	500 MHz	7	2.38
2054	HMDB11723	YOEBAVRJHRCKRE-UHFFFAOYSA-N	Water	7	500 MHz	11	4.03
2054	HMDB11723	YOEBAVRJHRCKRE-UHFFFAOYSA-N	Water	7	500 MHz	4	7.31
2054	HMDB11723	YOEBAVRJHRCKRE-UHFFFAOYSA-N	Water	7	500 MHz	6	7.31
2054	HMDB11723	YOEBAVRJHRCKRE-UHFFFAOYSA-N	Water	7	500 MHz	3	7.43
2054	HMDB11723	YOEBAVRJHRCKRE-UHFFFAOYSA-N	Water	7	500 MHz	5	7.43
2054	HMDB11723	YOEBAVRJHRCKRE-UHFFFAOYSA-N	Water	7	500 MHz	10	8.5
1312	HMDB00286	HSCJRCZFDFQWRP-LPTOLDDLSA-N	Water	7	500 MHz	5	3.46
1312	HMDB00286	HSCJRCZFDFQWRP-LPTOLDDLSA-N	Water	7	500 MHz	3	3.53
1312	HMDB00286	HSCJRCZFDFQWRP-LPTOLDDLSA-N	Water	7	500 MHz	6	3.77
1312	HMDB00286	HSCJRCZFDFQWRP-LPTOLDDLSA-N	Water	7	500 MHz	13	3.77
1312	HMDB00286	HSCJRCZFDFQWRP-LPTOLDDLSA-N	Water	7	500 MHz	13	3.88
1312	HMDB00286	HSCJRCZFDFQWRP-LPTOLDDLSA-N	Water	7	500 MHz	4	3.88
1312	HMDB00286	HSCJRCZFDFQWRP-LPTOLDDLSA-N	Water	7	500 MHz	19	4.23
1312	HMDB00286	HSCJRCZFDFQWRP-LPTOLDDLSA-N	Water	7	500 MHz	18	4.23
1312	HMDB00286	HSCJRCZFDFQWRP-LPTOLDDLSA-N	Water	7	500 MHz	23	4.37
1312	HMDB00286	HSCJRCZFDFQWRP-LPTOLDDLSA-N	Water	7	500 MHz	22	4.37
1312	HMDB00286	HSCJRCZFDFQWRP-LPTOLDDLSA-N	Water	7	500 MHz	2	5.6
1312	HMDB00286	HSCJRCZFDFQWRP-LPTOLDDLSA-N	Water	7	500 MHz	21	5.97
1312	HMDB00286	HSCJRCZFDFQWRP-LPTOLDDLSA-N	Water	7	500 MHz	31	5.97
1312	HMDB00286	HSCJRCZFDFQWRP-LPTOLDDLSA-N	Water	7	500 MHz	32	7.95
1901	HMDB02712	MPCAJMNYNOGXPB-SLPGGIOYSA-N	Water	7	500 MHz	2	3.26
1901	HMDB02712	MPCAJMNYNOGXPB-SLPGGIOYSA-N	Water	7	500 MHz	6	3.34
1901	HMDB02712	MPCAJMNYNOGXPB-SLPGGIOYSA-N	Water	7	500 MHz	5	3.34
1901	HMDB02712	MPCAJMNYNOGXPB-SLPGGIOYSA-N	Water	7	500 MHz	4	3.43
1901	HMDB02712	MPCAJMNYNOGXPB-SLPGGIOYSA-N	Water	7	500 MHz	3	3.58
1901	HMDB02712	MPCAJMNYNOGXPB-SLPGGIOYSA-N	Water	7	500 MHz	10	3.68
1901	HMDB02712	MPCAJMNYNOGXPB-SLPGGIOYSA-N	Water	7	500 MHz	10	3.87
1901	HMDB02712	MPCAJMNYNOGXPB-SLPGGIOYSA-N	Water	7	500 MHz	2	3.97
1223	HMDB00223	KHPXUQMNIQBQEV-UHFFFAOYSA-N	Water	7	500 MHz	4	2.38
1235	HMDB00225	FGSBNBBHOZHUBO-UHFFFAOYSA-N	Water	7	500 MHz	5	1.87
1235	HMDB00225	FGSBNBBHOZHUBO-UHFFFAOYSA-N	Water	7	500 MHz	4	2.42
1235	HMDB00225	FGSBNBBHOZHUBO-UHFFFAOYSA-N	Water	7	500 MHz	6	2.85
1861	HMDB02182	SONNWYBIRXJNDC-VIFPVBQESA-N	Water	7	500 MHz	12	2.77
1861	HMDB02182	SONNWYBIRXJNDC-VIFPVBQESA-N	Water	7	500 MHz	10	3.3
1861	HMDB02182	SONNWYBIRXJNDC-VIFPVBQESA-N	Water	7	500 MHz	2	6.9
1861	HMDB02182	SONNWYBIRXJNDC-VIFPVBQESA-N	Water	7	500 MHz	6	6.93
1861	HMDB02182	SONNWYBIRXJNDC-VIFPVBQESA-N	Water	7	500 MHz	4	6.98
1861	HMDB02182	SONNWYBIRXJNDC-VIFPVBQESA-N	Water	7	500 MHz	3	7.34
1693	HMDB01389	DRLFMBDRBRZALE-UHFFFAOYSA-N	Water	7	500 MHz	17	1.9
1693	HMDB01389	DRLFMBDRBRZALE-UHFFFAOYSA-N	Water	7	500 MHz	10	2.94
1693	HMDB01389	DRLFMBDRBRZALE-UHFFFAOYSA-N	Water	7	500 MHz	11	3.47
1693	HMDB01389	DRLFMBDRBRZALE-UHFFFAOYSA-N	Water	7	500 MHz	16	3.89
1693	HMDB01389	DRLFMBDRBRZALE-UHFFFAOYSA-N	Water	7	500 MHz	6	6.91
1693	HMDB01389	DRLFMBDRBRZALE-UHFFFAOYSA-N	Water	7	500 MHz	2	7.21
1693	HMDB01389	DRLFMBDRBRZALE-UHFFFAOYSA-N	Water	7	500 MHz	9	7.22
1693	HMDB01389	DRLFMBDRBRZALE-UHFFFAOYSA-N	Water	7	500 MHz	7	7.42
1077	HMDB00087	ROSDSFDQCJNGOL-UHFFFAOYSA-N	Water	7	500 MHz	2	2.5
1077	HMDB00087	ROSDSFDQCJNGOL-UHFFFAOYSA-N	Water	7	500 MHz	3	2.5
1047	HMDB00039	FERIUCNNQQJTOY-UHFFFAOYSA-N	Water	7	500 MHz	4	2.14
1047	HMDB00039	FERIUCNNQQJTOY-UHFFFAOYSA-N	Water	7	500 MHz	5	1.55
1047	HMDB00039	FERIUCNNQQJTOY-UHFFFAOYSA-N	Water	7	500 MHz	6	0.88
1671	HMDB01257	ATHGHQPFGPMSJY-UHFFFAOYSA-N	Water	7	500 MHz	7	1.46
1671	HMDB01257	ATHGHQPFGPMSJY-UHFFFAOYSA-N	Water	7	500 MHz	8	1.46
1671	HMDB01257	ATHGHQPFGPMSJY-UHFFFAOYSA-N	Water	7	500 MHz	3	1.61
1671	HMDB01257	ATHGHQPFGPMSJY-UHFFFAOYSA-N	Water	7	500 MHz	4	2.6
1671	HMDB01257	ATHGHQPFGPMSJY-UHFFFAOYSA-N	Water	7	500 MHz	2	2.6
1671	HMDB01257	ATHGHQPFGPMSJY-UHFFFAOYSA-N	Water	7	500 MHz	6	2.6
1671	HMDB01257	ATHGHQPFGPMSJY-UHFFFAOYSA-N	Water	7	500 MHz	9	2.6
1588	HMDB00894	UKISAGFGRDHYFO-UHFFFAOYSA-N	Water	7	500 MHz	8	1.87
1588	HMDB00894	UKISAGFGRDHYFO-UHFFFAOYSA-N	Water	7	500 MHz	4	3.92
1588	HMDB00894	UKISAGFGRDHYFO-UHFFFAOYSA-N	Water	7	500 MHz	10	6.03
1588	HMDB00894	UKISAGFGRDHYFO-UHFFFAOYSA-N	Water	7	500 MHz	9	6.82
1588	HMDB00894	UKISAGFGRDHYFO-UHFFFAOYSA-N	Water	7	500 MHz	5	8.07
1586	HMDB00892	NQPDZGIKBAWPEJ-UHFFFAOYSA-N	Water	7	500 MHz	4	2.19
1586	HMDB00892	NQPDZGIKBAWPEJ-UHFFFAOYSA-N	Water	7	500 MHz	5	1.53
1586	HMDB00892	NQPDZGIKBAWPEJ-UHFFFAOYSA-N	Water	7	500 MHz	6	1.31
1586	HMDB00892	NQPDZGIKBAWPEJ-UHFFFAOYSA-N	Water	7	500 MHz	7	0.9
1920	HMDB02994	UNXHWFMMPAWVPI-ZXZARUISSA-N	Water	7	500 MHz	7	3.65
1920	HMDB02994	UNXHWFMMPAWVPI-ZXZARUISSA-N	Water	7	500 MHz	5	3.65
1920	HMDB02994	UNXHWFMMPAWVPI-ZXZARUISSA-N	Water	7	500 MHz	3	3.65
1920	HMDB02994	UNXHWFMMPAWVPI-ZXZARUISSA-N	Water	7	500 MHz	2	3.77
1554	HMDB00819	YNYAYWLBAHXHLL-UHFFFAOYSA-N	Water	7	500 MHz	12	3.25
1554	HMDB00819	YNYAYWLBAHXHLL-UHFFFAOYSA-N	Water	7	500 MHz	8	3.89
1554	HMDB00819	YNYAYWLBAHXHLL-UHFFFAOYSA-N	Water	7	500 MHz	4	6.95
1554	HMDB00819	YNYAYWLBAHXHLL-UHFFFAOYSA-N	Water	7	500 MHz	3	6.95
1554	HMDB00819	YNYAYWLBAHXHLL-UHFFFAOYSA-N	Water	7	500 MHz	6	7.08
1492	HMDB00707	KKADPXVIOXHVKN-UHFFFAOYSA-N	Water	7	500 MHz	8	4.01
1492	HMDB00707	KKADPXVIOXHVKN-UHFFFAOYSA-N	Water	7	500 MHz	6	6.85
1492	HMDB00707	KKADPXVIOXHVKN-UHFFFAOYSA-N	Water	7	500 MHz	2	6.85
1492	HMDB00707	KKADPXVIOXHVKN-UHFFFAOYSA-N	Water	7	500 MHz	5	7.15
1492	HMDB00707	KKADPXVIOXHVKN-UHFFFAOYSA-N	Water	7	500 MHz	3	7.15
1484	HMDB00696	FFEARJCKVFRZRR-BYPYZUCNSA-N	Water	7	500 MHz	2	2.157
1484	HMDB00696	FFEARJCKVFRZRR-BYPYZUCNSA-N	Water	7	500 MHz	4	2.157
1484	HMDB00696	FFEARJCKVFRZRR-BYPYZUCNSA-N	Water	7	500 MHz	3	2.631
1484	HMDB00696	FFEARJCKVFRZRR-BYPYZUCNSA-N	Water	7	500 MHz	5	3.851
1598	HMDB00906	GETQZCLCWQTVFV-UHFFFAOYSA-N	Water	7	500 MHz	2	2.89
1598	HMDB00906	GETQZCLCWQTVFV-UHFFFAOYSA-N	Water	7	500 MHz	3	2.89
1598	HMDB00906	GETQZCLCWQTVFV-UHFFFAOYSA-N	Water	7	500 MHz	4	2.89
1627	HMDB00975	HDTRYLNUVZCQOY-LIZSDCNHSA-N	Water	7	500 MHz	2	5.18
1627	HMDB00975	HDTRYLNUVZCQOY-LIZSDCNHSA-N	Water	7	500 MHz	8	5.18
1627	HMDB00975	HDTRYLNUVZCQOY-LIZSDCNHSA-N	Water	7	500 MHz	19	3.82
1627	HMDB00975	HDTRYLNUVZCQOY-LIZSDCNHSA-N	Water	7	500 MHz	12	3.82
1627	HMDB00975	HDTRYLNUVZCQOY-LIZSDCNHSA-N	Water	7	500 MHz	10	3.82
1627	HMDB00975	HDTRYLNUVZCQOY-LIZSDCNHSA-N	Water	7	500 MHz	17	3.82
1627	HMDB00975	HDTRYLNUVZCQOY-LIZSDCNHSA-N	Water	7	500 MHz	6	3.82
1627	HMDB00975	HDTRYLNUVZCQOY-LIZSDCNHSA-N	Water	7	500 MHz	4	3.82
1627	HMDB00975	HDTRYLNUVZCQOY-LIZSDCNHSA-N	Water	7	500 MHz	17	3.76
1627	HMDB00975	HDTRYLNUVZCQOY-LIZSDCNHSA-N	Water	7	500 MHz	19	3.76
1627	HMDB00975	HDTRYLNUVZCQOY-LIZSDCNHSA-N	Water	7	500 MHz	13	3.64
1627	HMDB00975	HDTRYLNUVZCQOY-LIZSDCNHSA-N	Water	7	500 MHz	3	3.64
1627	HMDB00975	HDTRYLNUVZCQOY-LIZSDCNHSA-N	Water	7	500 MHz	11	3.44
1627	HMDB00975	HDTRYLNUVZCQOY-LIZSDCNHSA-N	Water	7	500 MHz	5	3.44
1334	HMDB00336	DBXBTMSZEOQQDU-GSVOUGTGSA-N	Water	7	500 MHz	6	1.11
1334	HMDB00336	DBXBTMSZEOQQDU-GSVOUGTGSA-N	Water	7	500 MHz	3	2.65
1334	HMDB00336	DBXBTMSZEOQQDU-GSVOUGTGSA-N	Water	7	500 MHz	2	3.69
1057	HMDB00055	GUBGYTABKSRVRQ-QRZGKKJRSA-N	Water	7	500 MHz	2	5.24
1057	HMDB00055	GUBGYTABKSRVRQ-QRZGKKJRSA-N	Water	7	500 MHz	34	4.67
1057	HMDB00055	GUBGYTABKSRVRQ-QRZGKKJRSA-N	Water	7	500 MHz	11	4.52
1057	HMDB00055	GUBGYTABKSRVRQ-QRZGKKJRSA-N	Water	7	500 MHz	25	4.52
1057	HMDB00055	GUBGYTABKSRVRQ-QRZGKKJRSA-N	Water	7	500 MHz	45	3.95
1057	HMDB00055	GUBGYTABKSRVRQ-QRZGKKJRSA-N	Water	7	500 MHz	6	3.95
1057	HMDB00055	GUBGYTABKSRVRQ-QRZGKKJRSA-N	Water	7	500 MHz	19	3.95
1057	HMDB00055	GUBGYTABKSRVRQ-QRZGKKJRSA-N	Water	7	500 MHz	17	3.88
1057	HMDB00055	GUBGYTABKSRVRQ-QRZGKKJRSA-N	Water	7	500 MHz	4	3.83
1057	HMDB00055	GUBGYTABKSRVRQ-QRZGKKJRSA-N	Water	7	500 MHz	45	3.83
1057	HMDB00055	GUBGYTABKSRVRQ-QRZGKKJRSA-N	Water	7	500 MHz	19	3.75
1057	HMDB00055	GUBGYTABKSRVRQ-QRZGKKJRSA-N	Water	7	500 MHz	40	3.75
1057	HMDB00055	GUBGYTABKSRVRQ-QRZGKKJRSA-N	Water	7	500 MHz	31	3.62
1057	HMDB00055	GUBGYTABKSRVRQ-QRZGKKJRSA-N	Water	7	500 MHz	5	3.62
1057	HMDB00055	GUBGYTABKSRVRQ-QRZGKKJRSA-N	Water	7	500 MHz	32	3.62
1057	HMDB00055	GUBGYTABKSRVRQ-QRZGKKJRSA-N	Water	7	500 MHz	36	3.62
1057	HMDB00055	GUBGYTABKSRVRQ-QRZGKKJRSA-N	Water	7	500 MHz	3	3.62
1057	HMDB00055	GUBGYTABKSRVRQ-QRZGKKJRSA-N	Water	7	500 MHz	15	3.51
1057	HMDB00055	GUBGYTABKSRVRQ-QRZGKKJRSA-N	Water	7	500 MHz	27	3.51
1057	HMDB00055	GUBGYTABKSRVRQ-QRZGKKJRSA-N	Water	7	500 MHz	13	3.51
1057	HMDB00055	GUBGYTABKSRVRQ-QRZGKKJRSA-N	Water	7	500 MHz	29	3.51
1057	HMDB00055	GUBGYTABKSRVRQ-QRZGKKJRSA-N	Water	7	500 MHz	14	3.43
1057	HMDB00055	GUBGYTABKSRVRQ-QRZGKKJRSA-N	Water	7	500 MHz	28	3.43
1057	HMDB00055	GUBGYTABKSRVRQ-QRZGKKJRSA-N	Water	7	500 MHz	16	3.32
1057	HMDB00055	GUBGYTABKSRVRQ-QRZGKKJRSA-N	Water	7	500 MHz	26	3.32
1057	HMDB00055	GUBGYTABKSRVRQ-QRZGKKJRSA-N	Water	7	500 MHz	33	3.32
1618	HMDB00953	HXATVKDSYDWTCX-UHFFFAOYSA-N	Water	7	500 MHz	11	1.31
1618	HMDB00953	HXATVKDSYDWTCX-UHFFFAOYSA-N	Water	7	500 MHz	10	1.31
1618	HMDB00953	HXATVKDSYDWTCX-UHFFFAOYSA-N	Water	7	500 MHz	12	1.57
1618	HMDB00953	HXATVKDSYDWTCX-UHFFFAOYSA-N	Water	7	500 MHz	9	1.57
1618	HMDB00953	HXATVKDSYDWTCX-UHFFFAOYSA-N	Water	7	500 MHz	13	2.17
1618	HMDB00953	HXATVKDSYDWTCX-UHFFFAOYSA-N	Water	7	500 MHz	8	2.29
1618	HMDB00953	HXATVKDSYDWTCX-UHFFFAOYSA-N	Water	7	500 MHz	4	3.74
1022	HMDB00001	BRMWTNUJHUMWMS-LURJTMIESA-N	Water	7.1	500 MHz	7	3.07
1022	HMDB00001	BRMWTNUJHUMWMS-LURJTMIESA-N	Water	7.1	500 MHz	7	3.16
1022	HMDB00001	BRMWTNUJHUMWMS-LURJTMIESA-N	Water	7.1	500 MHz	6	3.68
1022	HMDB00001	BRMWTNUJHUMWMS-LURJTMIESA-N	Water	7.1	500 MHz	8	3.96
1022	HMDB00001	BRMWTNUJHUMWMS-LURJTMIESA-N	Water	7.1	500 MHz	2	7
1022	HMDB00001	BRMWTNUJHUMWMS-LURJTMIESA-N	Water	7.1	500 MHz	4	7.67
1863	HMDB02205	VBOQYPQEPHKASR-VKHMYHEASA-N	Water	7	500 MHz	6	2.32
1863	HMDB02205	VBOQYPQEPHKASR-VKHMYHEASA-N	Water	7	500 MHz	5	3.06
1863	HMDB02205	VBOQYPQEPHKASR-VKHMYHEASA-N	Water	7	500 MHz	7	3.96
1358	HMDB00407	NGEWQZIDQIYUNV-UHFFFAOYSA-N	Water	7	500 MHz	4	0.82
1358	HMDB00407	NGEWQZIDQIYUNV-UHFFFAOYSA-N	Water	7	500 MHz	7	0.95
1358	HMDB00407	NGEWQZIDQIYUNV-UHFFFAOYSA-N	Water	7	500 MHz	3	2.01
1358	HMDB00407	NGEWQZIDQIYUNV-UHFFFAOYSA-N	Water	7	500 MHz	2	3.84
1707	HMDB01434	PFDUUKDQEHURQC-UHFFFAOYSA-N	Water	7	500 MHz	10	3.04
1707	HMDB01434	PFDUUKDQEHURQC-UHFFFAOYSA-N	Water	7	500 MHz	10	3.2
1707	HMDB01434	PFDUUKDQEHURQC-UHFFFAOYSA-N	Water	7	500 MHz	8	3.86
1707	HMDB01434	PFDUUKDQEHURQC-UHFFFAOYSA-N	Water	7	500 MHz	11	3.95
1707	HMDB01434	PFDUUKDQEHURQC-UHFFFAOYSA-N	Water	7	500 MHz	4	6.79
1707	HMDB01434	PFDUUKDQEHURQC-UHFFFAOYSA-N	Water	7	500 MHz	3	6.9
1707	HMDB01434	PFDUUKDQEHURQC-UHFFFAOYSA-N	Water	7	500 MHz	6	6.94
1455	HMDB00650	QWCKQJZIFLGMSD-GSVOUGTGSA-N	Water	7	500 MHz	7	0.97
1455	HMDB00650	QWCKQJZIFLGMSD-GSVOUGTGSA-N	Water	7	500 MHz	6	1.89
1455	HMDB00650	QWCKQJZIFLGMSD-GSVOUGTGSA-N	Water	7	500 MHz	4	3.7
1416	HMDB00549	YEJRWHAVMIAJKC-UHFFFAOYSA-N	Water	7	500 MHz	3	2.24
1416	HMDB00549	YEJRWHAVMIAJKC-UHFFFAOYSA-N	Water	7	500 MHz	4	2.47
1416	HMDB00549	YEJRWHAVMIAJKC-UHFFFAOYSA-N	Water	7	500 MHz	2	4.33
1493	HMDB00711	JKRDADVRIYVCCY-UHFFFAOYSA-N	Water	7	500 MHz	2	4.01
1493	HMDB00711	JKRDADVRIYVCCY-UHFFFAOYSA-N	Water	7	500 MHz	3	1.65
1493	HMDB00711	JKRDADVRIYVCCY-UHFFFAOYSA-N	Water	7	500 MHz	6	1.3
1493	HMDB00711	JKRDADVRIYVCCY-UHFFFAOYSA-N	Water	7	500 MHz	5	1.3
1493	HMDB00711	JKRDADVRIYVCCY-UHFFFAOYSA-N	Water	7	500 MHz	4	1.3
1493	HMDB00711	JKRDADVRIYVCCY-UHFFFAOYSA-N	Water	7	500 MHz	7	1.3
1493	HMDB00711	JKRDADVRIYVCCY-UHFFFAOYSA-N	Water	7	500 MHz	8	0.85
2034	HMDB06024	JYVXNLLUYHCIIH-LURJTMIESA-N	Water	7	500 MHz	8	1.37
2034	HMDB06024	JYVXNLLUYHCIIH-LURJTMIESA-N	Water	7	500 MHz	3	1.94
2034	HMDB06024	JYVXNLLUYHCIIH-LURJTMIESA-N	Water	7	500 MHz	3	2.05
2034	HMDB06024	JYVXNLLUYHCIIH-LURJTMIESA-N	Water	7	500 MHz	5	2.66
2034	HMDB06024	JYVXNLLUYHCIIH-LURJTMIESA-N	Water	7	500 MHz	2	4.46
2034	HMDB06024	JYVXNLLUYHCIIH-LURJTMIESA-N	Water	7	500 MHz	2	4.55
1720	HMDB01511	DRBBFCLWYRJSJZ-UHFFFAOYSA-N	Water	7	500 MHz	9	3.03
1720	HMDB01511	DRBBFCLWYRJSJZ-UHFFFAOYSA-N	Water	7	500 MHz	10	3.93
1463	HMDB00665	LVRFTAZAXQPQHI-UHFFFAOYSA-N	Water	7	500 MHz	8	0.93
1463	HMDB00665	LVRFTAZAXQPQHI-UHFFFAOYSA-N	Water	7	500 MHz	5	0.93
1463	HMDB00665	LVRFTAZAXQPQHI-UHFFFAOYSA-N	Water	7	500 MHz	3	1.59
1463	HMDB00665	LVRFTAZAXQPQHI-UHFFFAOYSA-N	Water	7	500 MHz	4	1.77
1463	HMDB00665	LVRFTAZAXQPQHI-UHFFFAOYSA-N	Water	7	500 MHz	2	4.28
1651	HMDB01151	WQZGKKKJIJFFOK-HOWGCPQDSA-N	Water	7	500 MHz	11	3.69
1651	HMDB01151	WQZGKKKJIJFFOK-HOWGCPQDSA-N	Water	7	500 MHz	11	3.87
1956	HMDB03355	JJMDCOVWQOJGCB-UHFFFAOYSA-N	Water	7	500 MHz	5	1.64
1956	HMDB03355	JJMDCOVWQOJGCB-UHFFFAOYSA-N	Water	7	500 MHz	6	1.64
1956	HMDB03355	JJMDCOVWQOJGCB-UHFFFAOYSA-N	Water	7	500 MHz	4	2.22
1956	HMDB03355	JJMDCOVWQOJGCB-UHFFFAOYSA-N	Water	7	500 MHz	7	3
1043	HMDB00034	GFFGJBXGBJISGV-UHFFFAOYSA-N	Water	7	500 MHz	2	8.11
1043	HMDB00034	GFFGJBXGBJISGV-UHFFFAOYSA-N	Water	7	500 MHz	6	8.12
1134	HMDB00169	WQZGKKKJIJFFOK-QTVWNMPRSA-N	Water	7	500 MHz	6	3.37
1134	HMDB00169	WQZGKKKJIJFFOK-QTVWNMPRSA-N	Water	7	500 MHz	5	3.564
1134	HMDB00169	WQZGKKKJIJFFOK-QTVWNMPRSA-N	Water	7	500 MHz	4	3.649
1134	HMDB00169	WQZGKKKJIJFFOK-QTVWNMPRSA-N	Water	7	500 MHz	5	3.649
1134	HMDB00169	WQZGKKKJIJFFOK-QTVWNMPRSA-N	Water	7	500 MHz	11	3.739
1134	HMDB00169	WQZGKKKJIJFFOK-QTVWNMPRSA-N	Water	7	500 MHz	6	3.799
1134	HMDB00169	WQZGKKKJIJFFOK-QTVWNMPRSA-N	Water	7	500 MHz	4	3.842
1134	HMDB00169	WQZGKKKJIJFFOK-QTVWNMPRSA-N	Water	7	500 MHz	11	3.883
1134	HMDB00169	WQZGKKKJIJFFOK-QTVWNMPRSA-N	Water	7	500 MHz	3	3.923
1134	HMDB00169	WQZGKKKJIJFFOK-QTVWNMPRSA-N	Water	7	500 MHz	2	5.172
1460	HMDB00660	RFSUNEUAIZKAJO-ARQDHWQXSA-N	Water	7	500 MHz	7	3.577
1460	HMDB00660	RFSUNEUAIZKAJO-ARQDHWQXSA-N	Water	7	500 MHz	7	3.695
1460	HMDB00660	RFSUNEUAIZKAJO-ARQDHWQXSA-N	Water	7	500 MHz	11	3.695
1460	HMDB00660	RFSUNEUAIZKAJO-ARQDHWQXSA-N	Water	7	500 MHz	3	3.823
1460	HMDB00660	RFSUNEUAIZKAJO-ARQDHWQXSA-N	Water	7	500 MHz	5	3.823
1460	HMDB00660	RFSUNEUAIZKAJO-ARQDHWQXSA-N	Water	7	500 MHz	11	3.823
1460	HMDB00660	RFSUNEUAIZKAJO-ARQDHWQXSA-N	Water	7	500 MHz	4	3.903
1460	HMDB00660	RFSUNEUAIZKAJO-ARQDHWQXSA-N	Water	7	500 MHz	5	4.005
1460	HMDB00660	RFSUNEUAIZKAJO-ARQDHWQXSA-N	Water	7	500 MHz	11	4.029
1460	HMDB00660	RFSUNEUAIZKAJO-ARQDHWQXSA-N	Water	7	500 MHz	3	4.118
1460	HMDB00660	RFSUNEUAIZKAJO-ARQDHWQXSA-N	Water	7	500 MHz	4	4.118
2051	HMDB11634	OTBHHUPVCYLGQO-UHFFFAOYSA-N	Water	7	500 MHz	7	1.65
2051	HMDB11634	OTBHHUPVCYLGQO-UHFFFAOYSA-N	Water	7	500 MHz	3	1.65
2051	HMDB11634	OTBHHUPVCYLGQO-UHFFFAOYSA-N	Water	7	500 MHz	8	2.63
2051	HMDB11634	OTBHHUPVCYLGQO-UHFFFAOYSA-N	Water	7	500 MHz	4	2.63
2051	HMDB11634	OTBHHUPVCYLGQO-UHFFFAOYSA-N	Water	7	500 MHz	6	2.69
2051	HMDB11634	OTBHHUPVCYLGQO-UHFFFAOYSA-N	Water	7	500 MHz	2	2.69
1937	HMDB03219	HSNZZMHEPUFJNZ-UHFFFAOYSA-N	Water	7	500 MHz	3	3.66
1937	HMDB03219	HSNZZMHEPUFJNZ-UHFFFAOYSA-N	Water	7	500 MHz	4	3.75
1937	HMDB03219	HSNZZMHEPUFJNZ-UHFFFAOYSA-N	Water	7	500 MHz	13	3.85
1937	HMDB03219	HSNZZMHEPUFJNZ-UHFFFAOYSA-N	Water	7	500 MHz	8	3.85
1937	HMDB03219	HSNZZMHEPUFJNZ-UHFFFAOYSA-N	Water	7	500 MHz	5	3.99
1490	HMDB00705	VVPRQWTYSNDTEA-UHFFFAOYSA-N	Water	7	500 MHz	12	0.86
1490	HMDB00705	VVPRQWTYSNDTEA-UHFFFAOYSA-N	Water	7	500 MHz	11	1.28
1490	HMDB00705	VVPRQWTYSNDTEA-UHFFFAOYSA-N	Water	7	500 MHz	10	1.28
1490	HMDB00705	VVPRQWTYSNDTEA-UHFFFAOYSA-N	Water	7	500 MHz	9	1.6
1490	HMDB00705	VVPRQWTYSNDTEA-UHFFFAOYSA-N	Water	7	500 MHz	8	2.42
1490	HMDB00705	VVPRQWTYSNDTEA-UHFFFAOYSA-N	Water	7	500 MHz	13	2.5
1490	HMDB00705	VVPRQWTYSNDTEA-UHFFFAOYSA-N	Water	7	500 MHz	13	2.63
1490	HMDB00705	VVPRQWTYSNDTEA-UHFFFAOYSA-N	Water	7	500 MHz	7	3.18
1490	HMDB00705	VVPRQWTYSNDTEA-UHFFFAOYSA-N	Water	7	500 MHz	17	3.18
1490	HMDB00705	VVPRQWTYSNDTEA-UHFFFAOYSA-N	Water	7	500 MHz	16	3.18
1490	HMDB00705	VVPRQWTYSNDTEA-UHFFFAOYSA-N	Water	7	500 MHz	5	3.61
1490	HMDB00705	VVPRQWTYSNDTEA-UHFFFAOYSA-N	Water	7	500 MHz	5	3.85
1490	HMDB00705	VVPRQWTYSNDTEA-UHFFFAOYSA-N	Water	7	500 MHz	4	5.6
1024	HMDB00005	TYEYBOSBBBHJIV-UHFFFAOYSA-N	Water	7	500 MHz	6	2.76
1024	HMDB00005	TYEYBOSBBBHJIV-UHFFFAOYSA-N	Water	7	500 MHz	7	1.07
1516	HMDB00746	LVRFTAZAXQPQHI-YFKPBYRVSA-N	Water	7	500 MHz	9	0.92
1516	HMDB00746	LVRFTAZAXQPQHI-YFKPBYRVSA-N	Water	7	500 MHz	8	0.93
1516	HMDB00746	LVRFTAZAXQPQHI-YFKPBYRVSA-N	Water	7	500 MHz	6	1.52
1516	HMDB00746	LVRFTAZAXQPQHI-YFKPBYRVSA-N	Water	7	500 MHz	4	1.74
1303	HMDB00267	ODHCTXKNWHHXJC-VKHMYHEASA-N	Water	7	600 MHz	4	2.02
1303	HMDB00267	ODHCTXKNWHHXJC-VKHMYHEASA-N	Water	7	600 MHz	3	2.39
1303	HMDB00267	ODHCTXKNWHHXJC-VKHMYHEASA-N	Water	7	600 MHz	4	2.5
1303	HMDB00267	ODHCTXKNWHHXJC-VKHMYHEASA-N	Water	7	600 MHz	5	4.17
1139	HMDB00174	SHZGCJCMOBCMKK-DHVFOXMCSA-N	Water	7	500 MHz	13	5.21
1139	HMDB00174	SHZGCJCMOBCMKK-DHVFOXMCSA-N	Water	7	500 MHz	2	4.56
1139	HMDB00174	SHZGCJCMOBCMKK-DHVFOXMCSA-N	Water	7	500 MHz	17	4.2
1139	HMDB00174	SHZGCJCMOBCMKK-DHVFOXMCSA-N	Water	7	500 MHz	15	3.86
1139	HMDB00174	SHZGCJCMOBCMKK-DHVFOXMCSA-N	Water	7	500 MHz	5	3.79
1139	HMDB00174	SHZGCJCMOBCMKK-DHVFOXMCSA-N	Water	7	500 MHz	14	3.79
1139	HMDB00174	SHZGCJCMOBCMKK-DHVFOXMCSA-N	Water	7	500 MHz	16	3.79
1139	HMDB00174	SHZGCJCMOBCMKK-DHVFOXMCSA-N	Water	7	500 MHz	6	3.79
1139	HMDB00174	SHZGCJCMOBCMKK-DHVFOXMCSA-N	Water	7	500 MHz	3	3.64
1139	HMDB00174	SHZGCJCMOBCMKK-DHVFOXMCSA-N	Water	7	500 MHz	4	3.45
1139	HMDB00174	SHZGCJCMOBCMKK-DHVFOXMCSA-N	Water	7	500 MHz	11	1.25
1139	HMDB00174	SHZGCJCMOBCMKK-DHVFOXMCSA-N	Water	7	500 MHz	22	1.21
1285	HMDB00254	KDYFGRWQOYBRFD-UHFFFAOYSA-N	Water	7	500 MHz	5	2.39
1285	HMDB00254	KDYFGRWQOYBRFD-UHFFFAOYSA-N	Water	7	500 MHz	4	2.39
1375	HMDB00450	YSMODUONRAFBET-UHNVWZDZSA-N	Water	7	600 MHz	5	1.55
1375	HMDB00450	YSMODUONRAFBET-UHNVWZDZSA-N	Water	7	600 MHz	5	1.69
1375	HMDB00450	YSMODUONRAFBET-UHNVWZDZSA-N	Water	7	600 MHz	6	1.92
1375	HMDB00450	YSMODUONRAFBET-UHNVWZDZSA-N	Water	7	600 MHz	6	2.05
1375	HMDB00450	YSMODUONRAFBET-UHNVWZDZSA-N	Water	7	600 MHz	3	2.92
1375	HMDB00450	YSMODUONRAFBET-UHNVWZDZSA-N	Water	7	600 MHz	3	3.15
1375	HMDB00450	YSMODUONRAFBET-UHNVWZDZSA-N	Water	7	600 MHz	7	3.77
1375	HMDB00450	YSMODUONRAFBET-UHNVWZDZSA-N	Water	7	600 MHz	2	3.88
1524	HMDB00755	JVGVDSSUAVXRDY-UHFFFAOYSA-N	Water	7	500 MHz	8	2.87
1524	HMDB00755	JVGVDSSUAVXRDY-UHFFFAOYSA-N	Water	7	500 MHz	8	3.04
1524	HMDB00755	JVGVDSSUAVXRDY-UHFFFAOYSA-N	Water	7	500 MHz	9	4.35
1524	HMDB00755	JVGVDSSUAVXRDY-UHFFFAOYSA-N	Water	7	500 MHz	2	6.85
1524	HMDB00755	JVGVDSSUAVXRDY-UHFFFAOYSA-N	Water	7	500 MHz	6	6.85
1524	HMDB00755	JVGVDSSUAVXRDY-UHFFFAOYSA-N	Water	7	500 MHz	3	7.17
1524	HMDB00755	JVGVDSSUAVXRDY-UHFFFAOYSA-N	Water	7	500 MHz	5	7.17
1870	HMDB02302	GOLXRNDWAUTYKT-UHFFFAOYSA-N	Water	7	500 MHz	11	2.57
1870	HMDB02302	GOLXRNDWAUTYKT-UHFFFAOYSA-N	Water	7	500 MHz	10	3.03
1870	HMDB02302	GOLXRNDWAUTYKT-UHFFFAOYSA-N	Water	7	500 MHz	8	7.16
1870	HMDB02302	GOLXRNDWAUTYKT-UHFFFAOYSA-N	Water	7	500 MHz	7	7.16
1870	HMDB02302	GOLXRNDWAUTYKT-UHFFFAOYSA-N	Water	7	500 MHz	2	7.2
1870	HMDB02302	GOLXRNDWAUTYKT-UHFFFAOYSA-N	Water	7	500 MHz	8	7.24
1870	HMDB02302	GOLXRNDWAUTYKT-UHFFFAOYSA-N	Water	7	500 MHz	7	7.24
1870	HMDB02302	GOLXRNDWAUTYKT-UHFFFAOYSA-N	Water	7	500 MHz	6	7.49
1870	HMDB02302	GOLXRNDWAUTYKT-UHFFFAOYSA-N	Water	7	500 MHz	9	7.71
1419	HMDB00557	AGPKZVBTJJNPAG-UHNVWZDZSA-N	Water	7	600 MHz	9	0.94
1419	HMDB00557	AGPKZVBTJJNPAG-UHNVWZDZSA-N	Water	7	600 MHz	8	0.94
1419	HMDB00557	AGPKZVBTJJNPAG-UHNVWZDZSA-N	Water	7	600 MHz	7	1.38
1419	HMDB00557	AGPKZVBTJJNPAG-UHNVWZDZSA-N	Water	7	600 MHz	6	2.05
1419	HMDB00557	AGPKZVBTJJNPAG-UHNVWZDZSA-N	Water	7	600 MHz	4	3.73
1718	HMDB01491	NGVDGCNFYWLIFO-UHFFFAOYSA-N	Water	7	500 MHz	9	10.43
1718	HMDB01491	NGVDGCNFYWLIFO-UHFFFAOYSA-N	Water	7	500 MHz	6	7.77
1718	HMDB01491	NGVDGCNFYWLIFO-UHFFFAOYSA-N	Water	7	500 MHz	11	5.16
1718	HMDB01491	NGVDGCNFYWLIFO-UHFFFAOYSA-N	Water	7	500 MHz	11	4.94
1718	HMDB01491	NGVDGCNFYWLIFO-UHFFFAOYSA-N	Water	7	500 MHz	7	2.5
1819	HMDB01941	ZDIGNSYAACHWNL-UHFFFAOYSA-N	Water	7	500 MHz	6	8.46
1819	HMDB01941	ZDIGNSYAACHWNL-UHFFFAOYSA-N	Water	7	500 MHz	4	7.83
1819	HMDB01941	ZDIGNSYAACHWNL-UHFFFAOYSA-N	Water	7	500 MHz	14	7.54
1819	HMDB01941	ZDIGNSYAACHWNL-UHFFFAOYSA-N	Water	7	500 MHz	16	7.54
1819	HMDB01941	ZDIGNSYAACHWNL-UHFFFAOYSA-N	Water	7	500 MHz	3	7.43
1819	HMDB01941	ZDIGNSYAACHWNL-UHFFFAOYSA-N	Water	7	500 MHz	5	7.34
1819	HMDB01941	ZDIGNSYAACHWNL-UHFFFAOYSA-N	Water	7	500 MHz	13	7.27
1819	HMDB01941	ZDIGNSYAACHWNL-UHFFFAOYSA-N	Water	7	500 MHz	17	7.27
1819	HMDB01941	ZDIGNSYAACHWNL-UHFFFAOYSA-N	Water	7	500 MHz	7	4.22
1819	HMDB01941	ZDIGNSYAACHWNL-UHFFFAOYSA-N	Water	7	500 MHz	9	3.07
1819	HMDB01941	ZDIGNSYAACHWNL-UHFFFAOYSA-N	Water	7	500 MHz	11	2.86
1819	HMDB01941	ZDIGNSYAACHWNL-UHFFFAOYSA-N	Water	7	500 MHz	18	2.86
1819	HMDB01941	ZDIGNSYAACHWNL-UHFFFAOYSA-N	Water	7	500 MHz	8	2.62
1819	HMDB01941	ZDIGNSYAACHWNL-UHFFFAOYSA-N	Water	7	500 MHz	8	2.51
1028	HMDB00012	MXHRCPNRJAMMIM-SHYZEUOFSA-N	Water	7	500 MHz	11	7.85
1028	HMDB00012	MXHRCPNRJAMMIM-SHYZEUOFSA-N	Water	7	500 MHz	2	6.29
1028	HMDB00012	MXHRCPNRJAMMIM-SHYZEUOFSA-N	Water	7	500 MHz	10	5.9
1028	HMDB00012	MXHRCPNRJAMMIM-SHYZEUOFSA-N	Water	7	500 MHz	4	4.47
1028	HMDB00012	MXHRCPNRJAMMIM-SHYZEUOFSA-N	Water	7	500 MHz	5	4.05
1028	HMDB00012	MXHRCPNRJAMMIM-SHYZEUOFSA-N	Water	7	500 MHz	13	3.84
1028	HMDB00012	MXHRCPNRJAMMIM-SHYZEUOFSA-N	Water	7	500 MHz	13	3.76
1028	HMDB00012	MXHRCPNRJAMMIM-SHYZEUOFSA-N	Water	7	500 MHz	3	2.4
1394	HMDB00500	FJKROLUGYXJWQN-UHFFFAOYSA-N	Water	7	500 MHz	6	6.91
1394	HMDB00500	FJKROLUGYXJWQN-UHFFFAOYSA-N	Water	7	500 MHz	5	7.8
1394	HMDB00500	FJKROLUGYXJWQN-UHFFFAOYSA-N	Water	7	500 MHz	3	7.8
1394	HMDB00500	FJKROLUGYXJWQN-UHFFFAOYSA-N	Water	7	500 MHz	2	6.91
1597	HMDB00905	KHWCHTKSEGGWEX-RRKCRQDMSA-N	Water	7	500 MHz	3	2.6
1597	HMDB00905	KHWCHTKSEGGWEX-RRKCRQDMSA-N	Water	7	500 MHz	3	2.85
1597	HMDB00905	KHWCHTKSEGGWEX-RRKCRQDMSA-N	Water	7	500 MHz	16	3.78
1597	HMDB00905	KHWCHTKSEGGWEX-RRKCRQDMSA-N	Water	7	500 MHz	5	4.14
1597	HMDB00905	KHWCHTKSEGGWEX-RRKCRQDMSA-N	Water	7	500 MHz	2	6.52
1597	HMDB00905	KHWCHTKSEGGWEX-RRKCRQDMSA-N	Water	7	500 MHz	12	8.42
1597	HMDB00905	KHWCHTKSEGGWEX-RRKCRQDMSA-N	Water	7	500 MHz	7	8.51
1635	HMDB01046	UIKROCXWUNQSPJ-UHFFFAOYSA-N	Water	7	500 MHz	6	1.95
1635	HMDB01046	UIKROCXWUNQSPJ-UHFFFAOYSA-N	Water	7	500 MHz	2	2.65
1635	HMDB01046	UIKROCXWUNQSPJ-UHFFFAOYSA-N	Water	7	500 MHz	3	2.65
1635	HMDB01046	UIKROCXWUNQSPJ-UHFFFAOYSA-N	Water	7	500 MHz	4	2.65
1635	HMDB01046	UIKROCXWUNQSPJ-UHFFFAOYSA-N	Water	7	500 MHz	11	7.51
1635	HMDB01046	UIKROCXWUNQSPJ-UHFFFAOYSA-N	Water	7	500 MHz	12	7.79
1635	HMDB01046	UIKROCXWUNQSPJ-UHFFFAOYSA-N	Water	7	500 MHz	8	8.47
1635	HMDB01046	UIKROCXWUNQSPJ-UHFFFAOYSA-N	Water	7	500 MHz	10	8.51
1101	HMDB00131	PEDCQBHIVMGVHV-UHFFFAOYSA-N	Water	7	500 MHz	3	3.551
1101	HMDB00131	PEDCQBHIVMGVHV-UHFFFAOYSA-N	Water	7	500 MHz	5	3.551
1101	HMDB00131	PEDCQBHIVMGVHV-UHFFFAOYSA-N	Water	7	500 MHz	3	3.644
1101	HMDB00131	PEDCQBHIVMGVHV-UHFFFAOYSA-N	Water	7	500 MHz	5	3.644
1101	HMDB00131	PEDCQBHIVMGVHV-UHFFFAOYSA-N	Water	7	500 MHz	2	3.775
1825	HMDB01972	IQGMRVWUTCYCST-UHFFFAOYSA-N	Water	7	500 MHz	5	7.28
1825	HMDB01972	IQGMRVWUTCYCST-UHFFFAOYSA-N	Water	7	500 MHz	3	6.98
1825	HMDB01972	IQGMRVWUTCYCST-UHFFFAOYSA-N	Water	7	500 MHz	4	6.78
1829	HMDB01987	MBIQENSCDNJOIY-UHFFFAOYSA-N	Water	7	500 MHz	3	1.72
1829	HMDB01987	MBIQENSCDNJOIY-UHFFFAOYSA-N	Water	7	500 MHz	5	1.48
1829	HMDB01987	MBIQENSCDNJOIY-UHFFFAOYSA-N	Water	7	500 MHz	4	0.95
1366	HMDB00428	ZQHYXNSQOIDNTL-UHFFFAOYSA-N	Water	7	500 MHz	3	2.45
1366	HMDB00428	ZQHYXNSQOIDNTL-UHFFFAOYSA-N	Water	7	500 MHz	6	2.45
1366	HMDB00428	ZQHYXNSQOIDNTL-UHFFFAOYSA-N	Water	7	500 MHz	3	2.52
1366	HMDB00428	ZQHYXNSQOIDNTL-UHFFFAOYSA-N	Water	7	500 MHz	6	2.52
1366	HMDB00428	ZQHYXNSQOIDNTL-UHFFFAOYSA-N	Water	7	500 MHz	2	4.39
1456	HMDB00651	LZOSYCMHQXPBFU-UHFFFAOYSA-N	Water	7	500 MHz	16	0.85
1456	HMDB00651	LZOSYCMHQXPBFU-UHFFFAOYSA-N	Water	7	500 MHz	15	1.27
1456	HMDB00651	LZOSYCMHQXPBFU-UHFFFAOYSA-N	Water	7	500 MHz	14	1.27
1456	HMDB00651	LZOSYCMHQXPBFU-UHFFFAOYSA-N	Water	7	500 MHz	13	1.27
1456	HMDB00651	LZOSYCMHQXPBFU-UHFFFAOYSA-N	Water	7	500 MHz	12	1.27
1456	HMDB00651	LZOSYCMHQXPBFU-UHFFFAOYSA-N	Water	7	500 MHz	11	1.27
1456	HMDB00651	LZOSYCMHQXPBFU-UHFFFAOYSA-N	Water	7	500 MHz	10	1.27
1456	HMDB00651	LZOSYCMHQXPBFU-UHFFFAOYSA-N	Water	7	500 MHz	9	1.59
1456	HMDB00651	LZOSYCMHQXPBFU-UHFFFAOYSA-N	Water	7	500 MHz	8	2.4
1456	HMDB00651	LZOSYCMHQXPBFU-UHFFFAOYSA-N	Water	7	500 MHz	17	2.54
1456	HMDB00651	LZOSYCMHQXPBFU-UHFFFAOYSA-N	Water	7	500 MHz	21	3.19
1456	HMDB00651	LZOSYCMHQXPBFU-UHFFFAOYSA-N	Water	7	500 MHz	7	3.19
1456	HMDB00651	LZOSYCMHQXPBFU-UHFFFAOYSA-N	Water	7	500 MHz	20	3.19
1456	HMDB00651	LZOSYCMHQXPBFU-UHFFFAOYSA-N	Water	7	500 MHz	5	3.62
1456	HMDB00651	LZOSYCMHQXPBFU-UHFFFAOYSA-N	Water	7	500 MHz	5	3.82
1456	HMDB00651	LZOSYCMHQXPBFU-UHFFFAOYSA-N	Water	7	500 MHz	4	5.57
1831	HMDB02001	OREAFAJWWJHCOT-UHFFFAOYSA-N	Water	7	500 MHz	5	1.43
1831	HMDB02001	OREAFAJWWJHCOT-UHFFFAOYSA-N	Water	7	500 MHz	6	1.43
1590	HMDB00896	AWDRATDZQPNJFN-VAYUFCLWSA-N	Water	7.02	600 MHz	18	0.68
1590	HMDB00896	AWDRATDZQPNJFN-VAYUFCLWSA-N	Water	7.02	600 MHz	24	0.91
1590	HMDB00896	AWDRATDZQPNJFN-VAYUFCLWSA-N	Water	7.02	600 MHz	13	0.98
1590	HMDB00896	AWDRATDZQPNJFN-VAYUFCLWSA-N	Water	7.02	600 MHz	27	0.98
1590	HMDB00896	AWDRATDZQPNJFN-VAYUFCLWSA-N	Water	7.02	600 MHz	16	1.26
1590	HMDB00896	AWDRATDZQPNJFN-VAYUFCLWSA-N	Water	7.02	600 MHz	4	1.26
1590	HMDB00896	AWDRATDZQPNJFN-VAYUFCLWSA-N	Water	7.02	600 MHz	3	1.26
1590	HMDB00896	AWDRATDZQPNJFN-VAYUFCLWSA-N	Water	7.02	600 MHz	17	1.26
1590	HMDB00896	AWDRATDZQPNJFN-VAYUFCLWSA-N	Water	7.02	600 MHz	17	1.4
1590	HMDB00896	AWDRATDZQPNJFN-VAYUFCLWSA-N	Water	7.02	600 MHz	20	1.4
1590	HMDB00896	AWDRATDZQPNJFN-VAYUFCLWSA-N	Water	7.02	600 MHz	9	1.4
1590	HMDB00896	AWDRATDZQPNJFN-VAYUFCLWSA-N	Water	7.02	600 MHz	19	1.4
1590	HMDB00896	AWDRATDZQPNJFN-VAYUFCLWSA-N	Water	7.02	600 MHz	6	1.4
1590	HMDB00896	AWDRATDZQPNJFN-VAYUFCLWSA-N	Water	7.02	600 MHz	12	1.4
1590	HMDB00896	AWDRATDZQPNJFN-VAYUFCLWSA-N	Water	7.02	600 MHz	5	1.55
1590	HMDB00896	AWDRATDZQPNJFN-VAYUFCLWSA-N	Water	7.02	600 MHz	10	1.55
1590	HMDB00896	AWDRATDZQPNJFN-VAYUFCLWSA-N	Water	7.02	600 MHz	15	1.55
1590	HMDB00896	AWDRATDZQPNJFN-VAYUFCLWSA-N	Water	7.02	600 MHz	12	1.64
1590	HMDB00896	AWDRATDZQPNJFN-VAYUFCLWSA-N	Water	7.02	600 MHz	4	1.64
1590	HMDB00896	AWDRATDZQPNJFN-VAYUFCLWSA-N	Water	7.02	600 MHz	16	1.75
1590	HMDB00896	AWDRATDZQPNJFN-VAYUFCLWSA-N	Water	7.02	600 MHz	10	1.75
1590	HMDB00896	AWDRATDZQPNJFN-VAYUFCLWSA-N	Water	7.02	600 MHz	7	1.75
1590	HMDB00896	AWDRATDZQPNJFN-VAYUFCLWSA-N	Water	7.02	600 MHz	13	1.75
1590	HMDB00896	AWDRATDZQPNJFN-VAYUFCLWSA-N	Water	7.02	600 MHz	2	1.75
1590	HMDB00896	AWDRATDZQPNJFN-VAYUFCLWSA-N	Water	7.02	600 MHz	20	1.75
1590	HMDB00896	AWDRATDZQPNJFN-VAYUFCLWSA-N	Water	7.02	600 MHz	3	1.9
1590	HMDB00896	AWDRATDZQPNJFN-VAYUFCLWSA-N	Water	7.02	600 MHz	21	2.14
1590	HMDB00896	AWDRATDZQPNJFN-VAYUFCLWSA-N	Water	7.02	600 MHz	21	2.31
1590	HMDB00896	AWDRATDZQPNJFN-VAYUFCLWSA-N	Water	7.02	600 MHz	30	3.06
1590	HMDB00896	AWDRATDZQPNJFN-VAYUFCLWSA-N	Water	7.02	600 MHz	29	3.55
1590	HMDB00896	AWDRATDZQPNJFN-VAYUFCLWSA-N	Water	7.02	600 MHz	11	3.61
1590	HMDB00896	AWDRATDZQPNJFN-VAYUFCLWSA-N	Water	7.02	600 MHz	14	4.02
1958	HMDB03364	AZQWKYJCGOJGHM-UHFFFAOYSA-N	Water	7	500 MHz	5	6.79
1958	HMDB03364	AZQWKYJCGOJGHM-UHFFFAOYSA-N	Water	7	500 MHz	6	6.79
1958	HMDB03364	AZQWKYJCGOJGHM-UHFFFAOYSA-N	Water	7	500 MHz	3	6.79
1958	HMDB03364	AZQWKYJCGOJGHM-UHFFFAOYSA-N	Water	7	500 MHz	2	6.79
1822	HMDB01944	SOYKEARSMXGVTM-UHFFFAOYSA-N	Water	7	500 MHz	6	8.46
1822	HMDB01944	SOYKEARSMXGVTM-UHFFFAOYSA-N	Water	7	500 MHz	4	7.83
1822	HMDB01944	SOYKEARSMXGVTM-UHFFFAOYSA-N	Water	7	500 MHz	5	7.44
1822	HMDB01944	SOYKEARSMXGVTM-UHFFFAOYSA-N	Water	7	500 MHz	13	7.39
1822	HMDB01944	SOYKEARSMXGVTM-UHFFFAOYSA-N	Water	7	500 MHz	17	7.39
1822	HMDB01944	SOYKEARSMXGVTM-UHFFFAOYSA-N	Water	7	500 MHz	16	7.34
1822	HMDB01944	SOYKEARSMXGVTM-UHFFFAOYSA-N	Water	7	500 MHz	3	7.34
1822	HMDB01944	SOYKEARSMXGVTM-UHFFFAOYSA-N	Water	7	500 MHz	14	7.34
1822	HMDB01944	SOYKEARSMXGVTM-UHFFFAOYSA-N	Water	7	500 MHz	7	4.24
1822	HMDB01944	SOYKEARSMXGVTM-UHFFFAOYSA-N	Water	7	500 MHz	9	3.08
1822	HMDB01944	SOYKEARSMXGVTM-UHFFFAOYSA-N	Water	7	500 MHz	11	2.86
1822	HMDB01944	SOYKEARSMXGVTM-UHFFFAOYSA-N	Water	7	500 MHz	18	2.86
1822	HMDB01944	SOYKEARSMXGVTM-UHFFFAOYSA-N	Water	7	500 MHz	8	2.63
1822	HMDB01944	SOYKEARSMXGVTM-UHFFFAOYSA-N	Water	7	500 MHz	8	2.51
1410	HMDB00536	OFBHPPMPBOJXRT-DPXQIYNJSA-N	Water	7	500 MHz	2	6.12
1410	HMDB00536	OFBHPPMPBOJXRT-DPXQIYNJSA-N	Water	7	500 MHz	3	4.09
1410	HMDB00536	OFBHPPMPBOJXRT-DPXQIYNJSA-N	Water	7	500 MHz	4	4.09
1410	HMDB00536	OFBHPPMPBOJXRT-DPXQIYNJSA-N	Water	7	500 MHz	5	4.36
1410	HMDB00536	OFBHPPMPBOJXRT-DPXQIYNJSA-N	Water	7	500 MHz	7	8.44
1410	HMDB00536	OFBHPPMPBOJXRT-DPXQIYNJSA-N	Water	7	500 MHz	9	4.48
1410	HMDB00536	OFBHPPMPBOJXRT-DPXQIYNJSA-N	Water	7	500 MHz	12	8.26
1410	HMDB00536	OFBHPPMPBOJXRT-DPXQIYNJSA-N	Water	7	500 MHz	14	8.44
1410	HMDB00536	OFBHPPMPBOJXRT-DPXQIYNJSA-N	Water	7	500 MHz	17	3.34
1410	HMDB00536	OFBHPPMPBOJXRT-DPXQIYNJSA-N	Water	7	500 MHz	22	4.48
1410	HMDB00536	OFBHPPMPBOJXRT-DPXQIYNJSA-N	Water	7	500 MHz	27	2.21
1543	HMDB00791	CXTATJFJDMJMIY-CYBMUJFWSA-N	Water	7	500 MHz	14	0.85
1543	HMDB00791	CXTATJFJDMJMIY-CYBMUJFWSA-N	Water	7	500 MHz	13	1.27
1543	HMDB00791	CXTATJFJDMJMIY-CYBMUJFWSA-N	Water	7	500 MHz	12	1.27
1543	HMDB00791	CXTATJFJDMJMIY-CYBMUJFWSA-N	Water	7	500 MHz	11	1.27
1543	HMDB00791	CXTATJFJDMJMIY-CYBMUJFWSA-N	Water	7	500 MHz	10	1.27
1543	HMDB00791	CXTATJFJDMJMIY-CYBMUJFWSA-N	Water	7	500 MHz	9	1.6
1543	HMDB00791	CXTATJFJDMJMIY-CYBMUJFWSA-N	Water	7	500 MHz	8	2.43
1543	HMDB00791	CXTATJFJDMJMIY-CYBMUJFWSA-N	Water	7	500 MHz	15	2.62
1543	HMDB00791	CXTATJFJDMJMIY-CYBMUJFWSA-N	Water	7	500 MHz	18	3.18
1543	HMDB00791	CXTATJFJDMJMIY-CYBMUJFWSA-N	Water	7	500 MHz	19	3.18
1543	HMDB00791	CXTATJFJDMJMIY-CYBMUJFWSA-N	Water	7	500 MHz	7	3.18
1543	HMDB00791	CXTATJFJDMJMIY-CYBMUJFWSA-N	Water	7	500 MHz	5	3.62
1543	HMDB00791	CXTATJFJDMJMIY-CYBMUJFWSA-N	Water	7	500 MHz	5	3.86
1543	HMDB00791	CXTATJFJDMJMIY-CYBMUJFWSA-N	Water	7	500 MHz	4	5.61
1657	HMDB01184	LABTWGUMFABVFG-ONEGZZNKSA-N	Water	7	500 MHz	5	1.92
1657	HMDB01184	LABTWGUMFABVFG-ONEGZZNKSA-N	Water	7	500 MHz	6	2.28
1657	HMDB01184	LABTWGUMFABVFG-ONEGZZNKSA-N	Water	7	500 MHz	3	6.12
1657	HMDB01184	LABTWGUMFABVFG-ONEGZZNKSA-N	Water	7	500 MHz	4	7.08
1120	HMDB00161	QNAYBMKLOCPYGJ-REOHCLBHSA-N	Water	7	500 MHz	6	1.47
1120	HMDB00161	QNAYBMKLOCPYGJ-REOHCLBHSA-N	Water	7	500 MHz	4	3.77
1454	HMDB00646	SRBFZHDQGSBBOR-HWQSCIPKSA-N	Water	7	500 MHz	3	3.51
1454	HMDB00646	SRBFZHDQGSBBOR-HWQSCIPKSA-N	Water	7	500 MHz	16	3.68
1454	HMDB00646	SRBFZHDQGSBBOR-HWQSCIPKSA-N	Water	7	500 MHz	4	3.68
1454	HMDB00646	SRBFZHDQGSBBOR-HWQSCIPKSA-N	Water	7	500 MHz	6	3.68
1454	HMDB00646	SRBFZHDQGSBBOR-HWQSCIPKSA-N	Water	7	500 MHz	13	3.82
1454	HMDB00646	SRBFZHDQGSBBOR-HWQSCIPKSA-N	Water	7	500 MHz	15	3.9
1454	HMDB00646	SRBFZHDQGSBBOR-HWQSCIPKSA-N	Water	7	500 MHz	6	3.9
1454	HMDB00646	SRBFZHDQGSBBOR-HWQSCIPKSA-N	Water	7	500 MHz	5	3.95
1454	HMDB00646	SRBFZHDQGSBBOR-HWQSCIPKSA-N	Water	7	500 MHz	14	4.02
1454	HMDB00646	SRBFZHDQGSBBOR-HWQSCIPKSA-N	Water	7	500 MHz	16	4.02
1454	HMDB00646	SRBFZHDQGSBBOR-HWQSCIPKSA-N	Water	7	500 MHz	2	4.52
1454	HMDB00646	SRBFZHDQGSBBOR-HWQSCIPKSA-N	Water	7	500 MHz	12	5.25
1099	HMDB00128	BPMFZUMJYQTVII-UHFFFAOYSA-N	Water	7	500 MHz	4	3.78
1108	HMDB00143	WQZGKKKJIJFFOK-PHYPRBDBSA-N	Water	7	500 MHz	3	3.48
1108	HMDB00143	WQZGKKKJIJFFOK-PHYPRBDBSA-N	Water	7	500 MHz	4	3.64
1108	HMDB00143	WQZGKKKJIJFFOK-PHYPRBDBSA-N	Water	7	500 MHz	6	3.72
1108	HMDB00143	WQZGKKKJIJFFOK-PHYPRBDBSA-N	Water	7	500 MHz	3	3.72
1108	HMDB00143	WQZGKKKJIJFFOK-PHYPRBDBSA-N	Water	7	500 MHz	11	3.72
1108	HMDB00143	WQZGKKKJIJFFOK-PHYPRBDBSA-N	Water	7	500 MHz	4	3.82
1108	HMDB00143	WQZGKKKJIJFFOK-PHYPRBDBSA-N	Water	7	500 MHz	5	3.92
1108	HMDB00143	WQZGKKKJIJFFOK-PHYPRBDBSA-N	Water	7	500 MHz	5	3.98
1108	HMDB00143	WQZGKKKJIJFFOK-PHYPRBDBSA-N	Water	7	500 MHz	6	4.07
1108	HMDB00143	WQZGKKKJIJFFOK-PHYPRBDBSA-N	Water	7	500 MHz	2	5.26
1271	HMDB00246	WYURNTSHIVDZCO-UHFFFAOYSA-N	Water	7	500 MHz	5	3.74
1271	HMDB00246	WYURNTSHIVDZCO-UHFFFAOYSA-N	Water	7	500 MHz	2	3.74
1271	HMDB00246	WYURNTSHIVDZCO-UHFFFAOYSA-N	Water	7	500 MHz	4	1.88
1271	HMDB00246	WYURNTSHIVDZCO-UHFFFAOYSA-N	Water	7	500 MHz	3	1.88
1731	HMDB01548	KTVPXOYAKDPRHY-SOOFDHNKSA-N	Water	7	500 MHz	16	5.39
1731	HMDB01548	KTVPXOYAKDPRHY-SOOFDHNKSA-N	Water	7	500 MHz	2	5.22
1731	HMDB01548	KTVPXOYAKDPRHY-SOOFDHNKSA-N	Water	7	500 MHz	4	4.3
1731	HMDB01548	KTVPXOYAKDPRHY-SOOFDHNKSA-N	Water	7	500 MHz	19	4.2
1731	HMDB01548	KTVPXOYAKDPRHY-SOOFDHNKSA-N	Water	7	500 MHz	18	4.2
1731	HMDB01548	KTVPXOYAKDPRHY-SOOFDHNKSA-N	Water	7	500 MHz	5	4.06
1731	HMDB01548	KTVPXOYAKDPRHY-SOOFDHNKSA-N	Water	7	500 MHz	17	4.06
1731	HMDB01548	KTVPXOYAKDPRHY-SOOFDHNKSA-N	Water	7	500 MHz	9	3.93
1731	HMDB01548	KTVPXOYAKDPRHY-SOOFDHNKSA-N	Water	7	500 MHz	9	3.85
1731	HMDB01548	KTVPXOYAKDPRHY-SOOFDHNKSA-N	Water	7	500 MHz	23	3.85
1738	HMDB01587	FAQJJMHZNSSFSM-UHFFFAOYSA-N	Water	7	500 MHz	5	7.6
1738	HMDB01587	FAQJJMHZNSSFSM-UHFFFAOYSA-N	Water	7	500 MHz	3	7.6
1738	HMDB01587	FAQJJMHZNSSFSM-UHFFFAOYSA-N	Water	7	500 MHz	4	7.76
1738	HMDB01587	FAQJJMHZNSSFSM-UHFFFAOYSA-N	Water	7	500 MHz	6	7.96
1738	HMDB01587	FAQJJMHZNSSFSM-UHFFFAOYSA-N	Water	7	500 MHz	2	7.96
1413	HMDB00544	XBAVGYMDOXCWQU-UHFFFAOYSA-N	Water	7	500 MHz	8	2.29
1413	HMDB00544	XBAVGYMDOXCWQU-UHFFFAOYSA-N	Water	7	500 MHz	9	4.42
1188	HMDB00206	DTERQYGMUDWYAZ-ZETCQYMHSA-N	Water	7	500 MHz	7	1.41
1188	HMDB00206	DTERQYGMUDWYAZ-ZETCQYMHSA-N	Water	7	500 MHz	8	1.56
1188	HMDB00206	DTERQYGMUDWYAZ-ZETCQYMHSA-N	Water	7	500 MHz	6	1.87
1188	HMDB00206	DTERQYGMUDWYAZ-ZETCQYMHSA-N	Water	7	500 MHz	13	1.99
1188	HMDB00206	DTERQYGMUDWYAZ-ZETCQYMHSA-N	Water	7	500 MHz	9	3.19
1188	HMDB00206	DTERQYGMUDWYAZ-ZETCQYMHSA-N	Water	7	500 MHz	4	3.74
1739	HMDB01624	NYHNVHGFPZAZGA-UHFFFAOYSA-N	Water	7	600 MHz	2	4.03
1739	HMDB01624	NYHNVHGFPZAZGA-UHFFFAOYSA-N	Water	7	600 MHz	3	1.72
1739	HMDB01624	NYHNVHGFPZAZGA-UHFFFAOYSA-N	Water	7	600 MHz	3	1.63
1739	HMDB01624	NYHNVHGFPZAZGA-UHFFFAOYSA-N	Water	7	600 MHz	4	1.33
1739	HMDB01624	NYHNVHGFPZAZGA-UHFFFAOYSA-N	Water	7	600 MHz	5	1.33
1739	HMDB01624	NYHNVHGFPZAZGA-UHFFFAOYSA-N	Water	7	600 MHz	6	0.89
2041	HMDB06483	CKLJMWTZIZZHCS-UWTATZPHSA-N	Water	7	500 MHz	6	2.87
2041	HMDB06483	CKLJMWTZIZZHCS-UWTATZPHSA-N	Water	7	500 MHz	4	3.98
1570	HMDB00858	IBMRTYCHDPMBFN-UHFFFAOYSA-N	Water	7	600 MHz	4	3.69
1570	HMDB00858	IBMRTYCHDPMBFN-UHFFFAOYSA-N	Water	7	600 MHz	5	2.4
1570	HMDB00858	IBMRTYCHDPMBFN-UHFFFAOYSA-N	Water	7	600 MHz	7	2.19
1570	HMDB00858	IBMRTYCHDPMBFN-UHFFFAOYSA-N	Water	7	600 MHz	6	1.83
1368	HMDB00434	WUAXWQRULBZETB-UHFFFAOYSA-N	Water	7	500 MHz	11	3.5
1368	HMDB00434	WUAXWQRULBZETB-UHFFFAOYSA-N	Water	7	500 MHz	8	3.84
1368	HMDB00434	WUAXWQRULBZETB-UHFFFAOYSA-N	Water	7	500 MHz	10	3.84
1368	HMDB00434	WUAXWQRULBZETB-UHFFFAOYSA-N	Water	7	500 MHz	4	6.87
1368	HMDB00434	WUAXWQRULBZETB-UHFFFAOYSA-N	Water	7	500 MHz	6	6.95
1368	HMDB00434	WUAXWQRULBZETB-UHFFFAOYSA-N	Water	7	500 MHz	3	6.99
1533	HMDB00767	PTJWIQPHWPFNBW-GBNDHIKLSA-N	Water	7	500 MHz	6	3.72
1533	HMDB00767	PTJWIQPHWPFNBW-GBNDHIKLSA-N	Water	7	500 MHz	6	3.84
1533	HMDB00767	PTJWIQPHWPFNBW-GBNDHIKLSA-N	Water	7	500 MHz	2	4.01
1533	HMDB00767	PTJWIQPHWPFNBW-GBNDHIKLSA-N	Water	7	500 MHz	3	4.14
1533	HMDB00767	PTJWIQPHWPFNBW-GBNDHIKLSA-N	Water	7	500 MHz	4	4.29
1533	HMDB00767	PTJWIQPHWPFNBW-GBNDHIKLSA-N	Water	7	500 MHz	15	7.66
1774	HMDB01877	NIJJYAXOARWZEE-UHFFFAOYSA-N	Water	7	500 MHz	4	2.22
1774	HMDB01877	NIJJYAXOARWZEE-UHFFFAOYSA-N	Water	7	500 MHz	8	1.38
1774	HMDB01877	NIJJYAXOARWZEE-UHFFFAOYSA-N	Water	7	500 MHz	5	1.38
1774	HMDB01877	NIJJYAXOARWZEE-UHFFFAOYSA-N	Water	7	500 MHz	6	1.25
1774	HMDB01877	NIJJYAXOARWZEE-UHFFFAOYSA-N	Water	7	500 MHz	9	1.25
1774	HMDB01877	NIJJYAXOARWZEE-UHFFFAOYSA-N	Water	7	500 MHz	7	0.86
1774	HMDB01877	NIJJYAXOARWZEE-UHFFFAOYSA-N	Water	7	500 MHz	10	0.86
1836	HMDB02024	PRJKNHOMHKJCEJ-UHFFFAOYSA-N	Water	7	500 MHz	6	8.6
1836	HMDB02024	PRJKNHOMHKJCEJ-UHFFFAOYSA-N	Water	7	500 MHz	5	12.1
1836	HMDB02024	PRJKNHOMHKJCEJ-UHFFFAOYSA-N	Water	7	500 MHz	2	13.39
1924	HMDB03070	JXOHGGNKMLTUBP-HSUXUTPPSA-N	Water	7	500 MHz	3	2.21
1924	HMDB03070	JXOHGGNKMLTUBP-HSUXUTPPSA-N	Water	7	500 MHz	3	2.75
1924	HMDB03070	JXOHGGNKMLTUBP-HSUXUTPPSA-N	Water	7	500 MHz	1	3.74
1924	HMDB03070	JXOHGGNKMLTUBP-HSUXUTPPSA-N	Water	7	500 MHz	2	4.01
1924	HMDB03070	JXOHGGNKMLTUBP-HSUXUTPPSA-N	Water	7	500 MHz	6	4.42
1924	HMDB03070	JXOHGGNKMLTUBP-HSUXUTPPSA-N	Water	7	500 MHz	5	6.62
1351	HMDB00387	MUCMKTPAZLSKTL-UHFFFAOYSA-N	Water	7	500 MHz	2	3.97
1351	HMDB00387	MUCMKTPAZLSKTL-UHFFFAOYSA-N	Water	7	500 MHz	12	2.34
1351	HMDB00387	MUCMKTPAZLSKTL-UHFFFAOYSA-N	Water	7	500 MHz	3	1.47
1351	HMDB00387	MUCMKTPAZLSKTL-UHFFFAOYSA-N	Water	7	500 MHz	8	1.27
1351	HMDB00387	MUCMKTPAZLSKTL-UHFFFAOYSA-N	Water	7	500 MHz	7	1.27
1351	HMDB00387	MUCMKTPAZLSKTL-UHFFFAOYSA-N	Water	7	500 MHz	6	1.27
1351	HMDB00387	MUCMKTPAZLSKTL-UHFFFAOYSA-N	Water	7	500 MHz	5	1.27
1351	HMDB00387	MUCMKTPAZLSKTL-UHFFFAOYSA-N	Water	7	500 MHz	4	1.27
1351	HMDB00387	MUCMKTPAZLSKTL-UHFFFAOYSA-N	Water	7	500 MHz	9	1.27
1351	HMDB00387	MUCMKTPAZLSKTL-UHFFFAOYSA-N	Water	7	500 MHz	10	1.27
1351	HMDB00387	MUCMKTPAZLSKTL-UHFFFAOYSA-N	Water	7	500 MHz	11	0.85
1637	HMDB01051	MNQZXJOMYWMBOU-UHFFFAOYSA-N	Water	7	500 MHz	2	3.59
1637	HMDB01051	MNQZXJOMYWMBOU-UHFFFAOYSA-N	Water	7	500 MHz	3	3.75
1637	HMDB01051	MNQZXJOMYWMBOU-UHFFFAOYSA-N	Water	7	500 MHz	5	4.95
1637	HMDB01051	MNQZXJOMYWMBOU-UHFFFAOYSA-N	Water	7	500 MHz	5	9.68
1064	HMDB00064	CVSVTCORWBXHQV-UHFFFAOYSA-N	Water	7	500 MHz	4	3.92
1064	HMDB00064	CVSVTCORWBXHQV-UHFFFAOYSA-N	Water	7	500 MHz	6	3.02
1890	HMDB02432	PCSKKIUURRTAEM-UHFFFAOYSA-N	Water	7	500 MHz	6	4.59
1890	HMDB02432	PCSKKIUURRTAEM-UHFFFAOYSA-N	Water	7	500 MHz	3	6.47
1890	HMDB02432	PCSKKIUURRTAEM-UHFFFAOYSA-N	Water	7	500 MHz	4	6.95
1360	HMDB00413	FYVQCLGZFXHEGL-UHFFFAOYSA-N	Water	7	500 MHz	2	3.98
1360	HMDB00413	FYVQCLGZFXHEGL-UHFFFAOYSA-N	Water	7	500 MHz	13	2.37
1360	HMDB00413	FYVQCLGZFXHEGL-UHFFFAOYSA-N	Water	7	500 MHz	13	2.32
1360	HMDB00413	FYVQCLGZFXHEGL-UHFFFAOYSA-N	Water	7	500 MHz	10	2.18
1360	HMDB00413	FYVQCLGZFXHEGL-UHFFFAOYSA-N	Water	7	500 MHz	9	1.54
1360	HMDB00413	FYVQCLGZFXHEGL-UHFFFAOYSA-N	Water	7	500 MHz	3	1.46
1360	HMDB00413	FYVQCLGZFXHEGL-UHFFFAOYSA-N	Water	7	500 MHz	4	1.41
1360	HMDB00413	FYVQCLGZFXHEGL-UHFFFAOYSA-N	Water	7	500 MHz	4	1.29
1360	HMDB00413	FYVQCLGZFXHEGL-UHFFFAOYSA-N	Water	7	500 MHz	5	1.29
1360	HMDB00413	FYVQCLGZFXHEGL-UHFFFAOYSA-N	Water	7	500 MHz	6	1.29
1360	HMDB00413	FYVQCLGZFXHEGL-UHFFFAOYSA-N	Water	7	500 MHz	7	1.29
1360	HMDB00413	FYVQCLGZFXHEGL-UHFFFAOYSA-N	Water	7	500 MHz	8	1.29
1408	HMDB00532	OKJIRPAQVSHGFK-UHFFFAOYSA-N	Water	7	500 MHz	5	8
1408	HMDB00532	OKJIRPAQVSHGFK-UHFFFAOYSA-N	Water	7	500 MHz	4	3.76
1408	HMDB00532	OKJIRPAQVSHGFK-UHFFFAOYSA-N	Water	7	500 MHz	8	2.05
1827	HMDB01975	LXVSANCQXSSLPA-UHFFFAOYSA-N	Water	7	500 MHz	4	0.87
1827	HMDB01975	LXVSANCQXSSLPA-UHFFFAOYSA-N	Water	7	500 MHz	6	0.87
1827	HMDB01975	LXVSANCQXSSLPA-UHFFFAOYSA-N	Water	7	500 MHz	5	1.67
1827	HMDB01975	LXVSANCQXSSLPA-UHFFFAOYSA-N	Water	7	500 MHz	3	1.8
1553	HMDB00812	OTCCIMWXFLJLIA-BYPYZUCNSA-N	Water	7	500 MHz	5	7.93
1553	HMDB00812	OTCCIMWXFLJLIA-BYPYZUCNSA-N	Water	7	500 MHz	4	4.4
1553	HMDB00812	OTCCIMWXFLJLIA-BYPYZUCNSA-N	Water	7	500 MHz	8	2.7
1553	HMDB00812	OTCCIMWXFLJLIA-BYPYZUCNSA-N	Water	7	500 MHz	8	2.51
1553	HMDB00812	OTCCIMWXFLJLIA-BYPYZUCNSA-N	Water	7	500 MHz	11	2.03
1952	HMDB03334	HVPFXCBJHIIJGS-LURJTMIESA-N	Water	7	500 MHz	7	1.68
1952	HMDB03334	HVPFXCBJHIIJGS-LURJTMIESA-N	Water	7	500 MHz	6	1.91
1952	HMDB03334	HVPFXCBJHIIJGS-LURJTMIESA-N	Water	7	500 MHz	12	2.81
1952	HMDB03334	HVPFXCBJHIIJGS-LURJTMIESA-N	Water	7	500 MHz	14	2.81
1952	HMDB03334	HVPFXCBJHIIJGS-LURJTMIESA-N	Water	7	500 MHz	12	2.82
1952	HMDB03334	HVPFXCBJHIIJGS-LURJTMIESA-N	Water	7	500 MHz	14	2.82
1952	HMDB03334	HVPFXCBJHIIJGS-LURJTMIESA-N	Water	7	500 MHz	8	3.24
1952	HMDB03334	HVPFXCBJHIIJGS-LURJTMIESA-N	Water	7	500 MHz	4	3.8
1952	HMDB03334	HVPFXCBJHIIJGS-LURJTMIESA-N	Water	7	500 MHz	5	6.81
1061	HMDB00061	WHTCPDAXWFLDIH-KQYNXXCUSA-N	Water	7	500 MHz	19	4.07
1061	HMDB00061	WHTCPDAXWFLDIH-KQYNXXCUSA-N	Water	7	500 MHz	5	4.52
1061	HMDB00061	WHTCPDAXWFLDIH-KQYNXXCUSA-N	Water	7	500 MHz	2	6.16
1061	HMDB00061	WHTCPDAXWFLDIH-KQYNXXCUSA-N	Water	7	500 MHz	12	8.26
1061	HMDB00061	WHTCPDAXWFLDIH-KQYNXXCUSA-N	Water	7	500 MHz	7	8.58
1255	HMDB00235	JZRWCGZRTZMZEH-UHFFFAOYSA-N	Water	7	500 MHz	18	2.53
1255	HMDB00235	JZRWCGZRTZMZEH-UHFFFAOYSA-N	Water	7	500 MHz	13	2.53
1255	HMDB00235	JZRWCGZRTZMZEH-UHFFFAOYSA-N	Water	7	500 MHz	14	3.18
1255	HMDB00235	JZRWCGZRTZMZEH-UHFFFAOYSA-N	Water	7	500 MHz	15	3.87
1255	HMDB00235	JZRWCGZRTZMZEH-UHFFFAOYSA-N	Water	7	500 MHz	6	5.47
1255	HMDB00235	JZRWCGZRTZMZEH-UHFFFAOYSA-N	Water	7	500 MHz	12	8.03
1255	HMDB00235	JZRWCGZRTZMZEH-UHFFFAOYSA-N	Water	7	500 MHz	2	9.47
1450	HMDB00639	DSLZVSRJTYRBFB-DUHBMQHGSA-N	Water	7	500 MHz	6	3.94
1450	HMDB00639	DSLZVSRJTYRBFB-DUHBMQHGSA-N	Water	7	500 MHz	8	3.94
1450	HMDB00639	DSLZVSRJTYRBFB-DUHBMQHGSA-N	Water	7	500 MHz	10	4.25
1450	HMDB00639	DSLZVSRJTYRBFB-DUHBMQHGSA-N	Water	7	500 MHz	4	4.25
1049	HMDB00043	KWIUHFFTVRNATP-UHFFFAOYSA-N	Water	7	500 MHz	3	3.89
1049	HMDB00043	KWIUHFFTVRNATP-UHFFFAOYSA-N	Water	7	500 MHz	5	3.25
1049	HMDB00043	KWIUHFFTVRNATP-UHFFFAOYSA-N	Water	7	500 MHz	8	3.25
1049	HMDB00043	KWIUHFFTVRNATP-UHFFFAOYSA-N	Water	7	500 MHz	7	3.25
1262	HMDB00239	LXNHXLLTXMVWPM-UHFFFAOYSA-N	Water	7	500 MHz	7	2.45
1262	HMDB00239	LXNHXLLTXMVWPM-UHFFFAOYSA-N	Water	7	500 MHz	11	4.73
1262	HMDB00239	LXNHXLLTXMVWPM-UHFFFAOYSA-N	Water	7	500 MHz	6	7.65
1620	HMDB00955	QURCVMIEKCOAJU-HWKANZROSA-N	Water	7	500 MHz	8	3.89
1620	HMDB00955	QURCVMIEKCOAJU-HWKANZROSA-N	Water	7	500 MHz	11	6.36
1620	HMDB00955	QURCVMIEKCOAJU-HWKANZROSA-N	Water	7	500 MHz	6	7.04
1620	HMDB00955	QURCVMIEKCOAJU-HWKANZROSA-N	Water	7	500 MHz	3	7.15
1620	HMDB00955	QURCVMIEKCOAJU-HWKANZROSA-N	Water	7	500 MHz	5	7.15
1620	HMDB00955	QURCVMIEKCOAJU-HWKANZROSA-N	Water	7	500 MHz	10	7.28
1428	HMDB00576	HGINADPHJQTSKN-UHFFFAOYSA-N	Water	7	500 MHz	5	1.25
1428	HMDB00576	HGINADPHJQTSKN-UHFFFAOYSA-N	Water	7	500 MHz	6	3.28
1428	HMDB00576	HGINADPHJQTSKN-UHFFFAOYSA-N	Water	7	500 MHz	4	4.17
1770	HMDB01871	PFTAWBLQPZVEMU-UKRRQHHQSA-N	Water	7	500 MHz	12	7.04
1770	HMDB01871	PFTAWBLQPZVEMU-UKRRQHHQSA-N	Water	7	500 MHz	16	6.93
1770	HMDB01871	PFTAWBLQPZVEMU-UKRRQHHQSA-N	Water	7	500 MHz	15	6.93
1770	HMDB01871	PFTAWBLQPZVEMU-UKRRQHHQSA-N	Water	7	500 MHz	7	6.12
1770	HMDB01871	PFTAWBLQPZVEMU-UKRRQHHQSA-N	Water	7	500 MHz	9	6.09
1770	HMDB01871	PFTAWBLQPZVEMU-UKRRQHHQSA-N	Water	7	500 MHz	2	4.95
1770	HMDB01871	PFTAWBLQPZVEMU-UKRRQHHQSA-N	Water	7	500 MHz	3	4.32
1770	HMDB01871	PFTAWBLQPZVEMU-UKRRQHHQSA-N	Water	7	500 MHz	4	2.91
1770	HMDB01871	PFTAWBLQPZVEMU-UKRRQHHQSA-N	Water	7	500 MHz	4	2.77
1589	HMDB00895	OIPILFWXSMYKGL-UHFFFAOYSA-N	Water	7	500 MHz	8	2.16
1589	HMDB00895	OIPILFWXSMYKGL-UHFFFAOYSA-N	Water	7	500 MHz	7	3.23
1589	HMDB00895	OIPILFWXSMYKGL-UHFFFAOYSA-N	Water	7	500 MHz	10	3.23
1589	HMDB00895	OIPILFWXSMYKGL-UHFFFAOYSA-N	Water	7	500 MHz	9	3.23
1589	HMDB00895	OIPILFWXSMYKGL-UHFFFAOYSA-N	Water	7	500 MHz	5	3.75
1944	HMDB03282	RFLVMTUMFYRZCB-UHFFFAOYSA-N	Water	7	500 MHz	11	3.47
1944	HMDB03282	RFLVMTUMFYRZCB-UHFFFAOYSA-N	Water	7	500 MHz	2	7.87
1515	HMDB00745	CCLQKVKJOGVQLU-QMMMGPOBSA-N	Water	7	500 MHz	2	8.01
1515	HMDB00745	CCLQKVKJOGVQLU-QMMMGPOBSA-N	Water	7	500 MHz	4	7.06
1515	HMDB00745	CCLQKVKJOGVQLU-QMMMGPOBSA-N	Water	7	500 MHz	7	4.48
1515	HMDB00745	CCLQKVKJOGVQLU-QMMMGPOBSA-N	Water	7	500 MHz	6	3.18
1515	HMDB00745	CCLQKVKJOGVQLU-QMMMGPOBSA-N	Water	7	500 MHz	6	3
1515	HMDB00745	CCLQKVKJOGVQLU-QMMMGPOBSA-N	Water	7	500 MHz	15	2.94
1515	HMDB00745	CCLQKVKJOGVQLU-QMMMGPOBSA-N	Water	7	500 MHz	13	2.37
1515	HMDB00745	CCLQKVKJOGVQLU-QMMMGPOBSA-N	Water	7	500 MHz	14	1.89
1777	HMDB01881	DNIAPMSPPWPWGF-UHFFFAOYSA-N	Water	7	500 MHz	5	1.13
1777	HMDB01881	DNIAPMSPPWPWGF-UHFFFAOYSA-N	Water	7	500 MHz	3	3.434
1777	HMDB01881	DNIAPMSPPWPWGF-UHFFFAOYSA-N	Water	7	500 MHz	3	3.537
1777	HMDB01881	DNIAPMSPPWPWGF-UHFFFAOYSA-N	Water	7	500 MHz	2	3.87
1555	HMDB00820	BDERNNFJNOPAEC-UHFFFAOYSA-N	Water	7	500 MHz	4	0.88
1555	HMDB00820	BDERNNFJNOPAEC-UHFFFAOYSA-N	Water	7	500 MHz	3	1.54
1555	HMDB00820	BDERNNFJNOPAEC-UHFFFAOYSA-N	Water	7	500 MHz	2	3.55
1310	HMDB00279	ZDGJAHTZVHVLOT-YUMQZZPRSA-N	Water	7	500 MHz	8	1.48
1310	HMDB00279	ZDGJAHTZVHVLOT-YUMQZZPRSA-N	Water	7	500 MHz	7	1.75
1310	HMDB00279	ZDGJAHTZVHVLOT-YUMQZZPRSA-N	Water	7	500 MHz	9	1.9
1310	HMDB00279	ZDGJAHTZVHVLOT-YUMQZZPRSA-N	Water	7	500 MHz	12	2.07
1310	HMDB00279	ZDGJAHTZVHVLOT-YUMQZZPRSA-N	Water	7	500 MHz	13	2.39
1310	HMDB00279	ZDGJAHTZVHVLOT-YUMQZZPRSA-N	Water	7	500 MHz	6	3.05
1310	HMDB00279	ZDGJAHTZVHVLOT-YUMQZZPRSA-N	Water	7	500 MHz	4	3.59
1310	HMDB00279	ZDGJAHTZVHVLOT-YUMQZZPRSA-N	Water	7	500 MHz	10	3.75
1772	HMDB01874	ODBLHEXUDAPZAU-ZAFYKAAXSA-N	Water	7	500 MHz	4	2.73
1772	HMDB01874	ODBLHEXUDAPZAU-ZAFYKAAXSA-N	Water	7	500 MHz	4	2.89
1772	HMDB01874	ODBLHEXUDAPZAU-ZAFYKAAXSA-N	Water	7	500 MHz	5	3.51
1772	HMDB01874	ODBLHEXUDAPZAU-ZAFYKAAXSA-N	Water	7	500 MHz	8	4.55
1681	HMDB01316	BIRSGZKFKXLSJQ-SQOUGZDYSA-N	Water	7	500 MHz	3	4.19
1681	HMDB01316	BIRSGZKFKXLSJQ-SQOUGZDYSA-N	Water	7	500 MHz	13	4.09
1681	HMDB01316	BIRSGZKFKXLSJQ-SQOUGZDYSA-N	Water	7	500 MHz	11	3.96
1681	HMDB01316	BIRSGZKFKXLSJQ-SQOUGZDYSA-N	Water	7	500 MHz	4	3.84
1681	HMDB01316	BIRSGZKFKXLSJQ-SQOUGZDYSA-N	Water	7	500 MHz	9	3.84
1129	HMDB00167	AYFVYJQAPQTCCC-GBXIJSLDSA-N	Water	7	500 MHz	8	1.316
1129	HMDB00167	AYFVYJQAPQTCCC-GBXIJSLDSA-N	Water	7	500 MHz	4	3.575
1129	HMDB00167	AYFVYJQAPQTCCC-GBXIJSLDSA-N	Water	7	500 MHz	6	4.244
1648	HMDB01138	RFMMMVDNIPUKGG-UHFFFAOYSA-N	Water	7	500 MHz	4	4.1
1648	HMDB01138	RFMMMVDNIPUKGG-UHFFFAOYSA-N	Water	7	500 MHz	9	2.22
1648	HMDB01138	RFMMMVDNIPUKGG-UHFFFAOYSA-N	Water	7	500 MHz	8	2.05
1648	HMDB01138	RFMMMVDNIPUKGG-UHFFFAOYSA-N	Water	7	500 MHz	12	2.02
1648	HMDB01138	RFMMMVDNIPUKGG-UHFFFAOYSA-N	Water	7	500 MHz	8	1.87
1169	HMDB00193	ODBLHEXUDAPZAU-UHFFFAOYSA-N	Water	7	500 MHz	9	2.46
1169	HMDB00193	ODBLHEXUDAPZAU-UHFFFAOYSA-N	Water	7	500 MHz	5	2.97
1169	HMDB00193	ODBLHEXUDAPZAU-UHFFFAOYSA-N	Water	7	500 MHz	2	3.98
1790	HMDB01900	CUOKHACJLGPRHD-BXXZVTAOSA-N	Water	7	500 MHz	6	3.84
1790	HMDB01900	CUOKHACJLGPRHD-BXXZVTAOSA-N	Water	7	500 MHz	4	4.44
1763	HMDB01861	CPAGZVLINCPJEH-UHFFFAOYSA-N	Water	7	600 MHz	2	8.02
1763	HMDB01861	CPAGZVLINCPJEH-UHFFFAOYSA-N	Water	7	600 MHz	5	7.07
1763	HMDB01861	CPAGZVLINCPJEH-UHFFFAOYSA-N	Water	7	600 MHz	6	3.71
1763	HMDB01861	CPAGZVLINCPJEH-UHFFFAOYSA-N	Water	7	600 MHz	8	3.3
1763	HMDB01861	CPAGZVLINCPJEH-UHFFFAOYSA-N	Water	7	600 MHz	7	3.07
1078	HMDB00089	UHDGCWIWMRVCDJ-XVFCMESISA-N	Water	7	500 MHz	11	7.83
1078	HMDB00089	UHDGCWIWMRVCDJ-XVFCMESISA-N	Water	7	500 MHz	10	6.05
1078	HMDB00089	UHDGCWIWMRVCDJ-XVFCMESISA-N	Water	7	500 MHz	2	5.89
1078	HMDB00089	UHDGCWIWMRVCDJ-XVFCMESISA-N	Water	7	500 MHz	3	4.3
1078	HMDB00089	UHDGCWIWMRVCDJ-XVFCMESISA-N	Water	7	500 MHz	4	4.2
1078	HMDB00089	UHDGCWIWMRVCDJ-XVFCMESISA-N	Water	7	500 MHz	5	4.11
1078	HMDB00089	UHDGCWIWMRVCDJ-XVFCMESISA-N	Water	7	500 MHz	14	3.92
1078	HMDB00089	UHDGCWIWMRVCDJ-XVFCMESISA-N	Water	7	500 MHz	14	3.81
1765	HMDB01864	XNIHZNNZJHYHLC-UHFFFAOYSA-N	Water	7	500 MHz	9	0.88
1765	HMDB01864	XNIHZNNZJHYHLC-UHFFFAOYSA-N	Water	7	500 MHz	8	1.32
1765	HMDB01864	XNIHZNNZJHYHLC-UHFFFAOYSA-N	Water	7	500 MHz	7	1.56
1765	HMDB01864	XNIHZNNZJHYHLC-UHFFFAOYSA-N	Water	7	500 MHz	6	2.72
1373	HMDB00446	VEYYWZRYIYDQJM-UHFFFAOYSA-N	Water	7	500 MHz	5	7.92
1373	HMDB00446	VEYYWZRYIYDQJM-UHFFFAOYSA-N	Water	7	500 MHz	4	4.14
1373	HMDB00446	VEYYWZRYIYDQJM-UHFFFAOYSA-N	Water	7	500 MHz	11	2.99
1373	HMDB00446	VEYYWZRYIYDQJM-UHFFFAOYSA-N	Water	7	500 MHz	13	2.02
1373	HMDB00446	VEYYWZRYIYDQJM-UHFFFAOYSA-N	Water	7	500 MHz	8	1.8
1373	HMDB00446	VEYYWZRYIYDQJM-UHFFFAOYSA-N	Water	7	500 MHz	8	1.67
1373	HMDB00446	VEYYWZRYIYDQJM-UHFFFAOYSA-N	Water	7	500 MHz	10	1.67
1373	HMDB00446	VEYYWZRYIYDQJM-UHFFFAOYSA-N	Water	7	500 MHz	9	1.4
1151	HMDB00182	KDXKERNSBIXSRK-YFKPBYRVSA-N	Water	7	500 MHz	7	1.46
1151	HMDB00182	KDXKERNSBIXSRK-YFKPBYRVSA-N	Water	7	500 MHz	8	1.71
1151	HMDB00182	KDXKERNSBIXSRK-YFKPBYRVSA-N	Water	7	500 MHz	6	1.89
1151	HMDB00182	KDXKERNSBIXSRK-YFKPBYRVSA-N	Water	7	500 MHz	9	3.02
1151	HMDB00182	KDXKERNSBIXSRK-YFKPBYRVSA-N	Water	7	500 MHz	4	3.74
1082	HMDB00097	OEYIOHPDSNJKLS-UHFFFAOYSA-N	Water	7	600 MHz	5	3.189
1082	HMDB00097	OEYIOHPDSNJKLS-UHFFFAOYSA-N	Water	7	600 MHz	6	3.189
1082	HMDB00097	OEYIOHPDSNJKLS-UHFFFAOYSA-N	Water	7	600 MHz	7	3.189
1082	HMDB00097	OEYIOHPDSNJKLS-UHFFFAOYSA-N	Water	7	600 MHz	3	3.507
1082	HMDB00097	OEYIOHPDSNJKLS-UHFFFAOYSA-N	Water	7	600 MHz	2	4.056
2030	HMDB05812	GLZPCOQZEFWAFX-YFHOEESVSA-N	Water	7	500 MHz	9	1.62
2030	HMDB05812	GLZPCOQZEFWAFX-YFHOEESVSA-N	Water	7	500 MHz	9	1.62
2030	HMDB05812	GLZPCOQZEFWAFX-YFHOEESVSA-N	Water	7	500 MHz	11	1.68
2030	HMDB05812	GLZPCOQZEFWAFX-YFHOEESVSA-N	Water	7	500 MHz	11	1.68
2030	HMDB05812	GLZPCOQZEFWAFX-YFHOEESVSA-N	Water	7	500 MHz	10	1.75
2030	HMDB05812	GLZPCOQZEFWAFX-YFHOEESVSA-N	Water	7	500 MHz	6	2.12
2030	HMDB05812	GLZPCOQZEFWAFX-YFHOEESVSA-N	Water	7	500 MHz	5	2.12
2030	HMDB05812	GLZPCOQZEFWAFX-YFHOEESVSA-N	Water	7	500 MHz	2	4.09
2030	HMDB05812	GLZPCOQZEFWAFX-YFHOEESVSA-N	Water	7	500 MHz	7	5.18
2030	HMDB05812	GLZPCOQZEFWAFX-YFHOEESVSA-N	Water	7	500 MHz	3	5.4
1816	HMDB01938	RLAWWYSOJDYHDC-BZSNNMDCSA-N	Water	7	500 MHz	17	1.57
1816	HMDB01938	RLAWWYSOJDYHDC-BZSNNMDCSA-N	Water	7	500 MHz	18	1.71
1816	HMDB01938	RLAWWYSOJDYHDC-BZSNNMDCSA-N	Water	7	500 MHz	2	2.03
1816	HMDB01938	RLAWWYSOJDYHDC-BZSNNMDCSA-N	Water	7	500 MHz	3	2.03
1816	HMDB01938	RLAWWYSOJDYHDC-BZSNNMDCSA-N	Water	7	500 MHz	16	2.03
1816	HMDB01938	RLAWWYSOJDYHDC-BZSNNMDCSA-N	Water	7	500 MHz	21	2.32
1816	HMDB01938	RLAWWYSOJDYHDC-BZSNNMDCSA-N	Water	7	500 MHz	22	2.85
1816	HMDB01938	RLAWWYSOJDYHDC-BZSNNMDCSA-N	Water	7	500 MHz	19	3.02
1816	HMDB01938	RLAWWYSOJDYHDC-BZSNNMDCSA-N	Water	7	500 MHz	12	3.63
1816	HMDB01938	RLAWWYSOJDYHDC-BZSNNMDCSA-N	Water	7	500 MHz	4	3.77
1816	HMDB01938	RLAWWYSOJDYHDC-BZSNNMDCSA-N	Water	7	500 MHz	5	4.33
1816	HMDB01938	RLAWWYSOJDYHDC-BZSNNMDCSA-N	Water	7	500 MHz	26	7.32
1816	HMDB01938	RLAWWYSOJDYHDC-BZSNNMDCSA-N	Water	7	500 MHz	28	7.32
1816	HMDB01938	RLAWWYSOJDYHDC-BZSNNMDCSA-N	Water	7	500 MHz	24	7.32
1816	HMDB01938	RLAWWYSOJDYHDC-BZSNNMDCSA-N	Water	7	500 MHz	27	7.4
1816	HMDB01938	RLAWWYSOJDYHDC-BZSNNMDCSA-N	Water	7	500 MHz	25	7.4
1486	HMDB00700	ALRHLSYJTWAHJZ-UHFFFAOYSA-N	Water	7	500 MHz	3	2.61
1486	HMDB00700	ALRHLSYJTWAHJZ-UHFFFAOYSA-N	Water	7	500 MHz	2	3.81
1160	HMDB00189	HAEJPQIATWHALX-KQYNXXCUSA-N	Water	7	500 MHz	17	4.26
1160	HMDB00189	HAEJPQIATWHALX-KQYNXXCUSA-N	Water	7	500 MHz	5	4.4
1160	HMDB00189	HAEJPQIATWHALX-KQYNXXCUSA-N	Water	7	500 MHz	4	4.6
1160	HMDB00189	HAEJPQIATWHALX-KQYNXXCUSA-N	Water	7	500 MHz	2	6.13
1160	HMDB00189	HAEJPQIATWHALX-KQYNXXCUSA-N	Water	7	500 MHz	12	8.22
1160	HMDB00189	HAEJPQIATWHALX-KQYNXXCUSA-N	Water	7	500 MHz	7	8.48
1342	HMDB00355	NPOAOTPXWNWTSH-UHFFFAOYSA-N	Water	7	500 MHz	9	1.31
1342	HMDB00355	NPOAOTPXWNWTSH-UHFFFAOYSA-N	Water	7	500 MHz	6	2.43
1342	HMDB00355	NPOAOTPXWNWTSH-UHFFFAOYSA-N	Water	7	500 MHz	3	2.43
1896	HMDB02643	KHTAGVZHYUZYMF-UHFFFAOYSA-N	Water	7	500 MHz	10	2.68
1896	HMDB02643	KHTAGVZHYUZYMF-UHFFFAOYSA-N	Water	7	500 MHz	8	5.03
1896	HMDB02643	KHTAGVZHYUZYMF-UHFFFAOYSA-N	Water	7	500 MHz	2	6.84
1896	HMDB02643	KHTAGVZHYUZYMF-UHFFFAOYSA-N	Water	7	500 MHz	4	6.91
1896	HMDB02643	KHTAGVZHYUZYMF-UHFFFAOYSA-N	Water	7	500 MHz	6	6.97
1896	HMDB02643	KHTAGVZHYUZYMF-UHFFFAOYSA-N	Water	7	500 MHz	3	7.3
1608	HMDB00929	QIVBCDIJIAJPQS-VIFPVBQESA-N	Water	7.01	600 MHz	10	3.292
1608	HMDB00929	QIVBCDIJIAJPQS-VIFPVBQESA-N	Water	7.01	600 MHz	10	3.472
1608	HMDB00929	QIVBCDIJIAJPQS-VIFPVBQESA-N	Water	7.01	600 MHz	11	4.046
1608	HMDB00929	QIVBCDIJIAJPQS-VIFPVBQESA-N	Water	7.01	600 MHz	8	7.194
1608	HMDB00929	QIVBCDIJIAJPQS-VIFPVBQESA-N	Water	7.01	600 MHz	9	7.274
1608	HMDB00929	QIVBCDIJIAJPQS-VIFPVBQESA-N	Water	7.01	600 MHz	2	7.31
1608	HMDB00929	QIVBCDIJIAJPQS-VIFPVBQESA-N	Water	7.01	600 MHz	6	7.531
1608	HMDB00929	QIVBCDIJIAJPQS-VIFPVBQESA-N	Water	7.01	600 MHz	7	7.723
1446	HMDB00631	WVULKSPCQVQLCU-ZMBDPXIHSA-N	Water	7	500 MHz	28	7.81
1446	HMDB00631	WVULKSPCQVQLCU-ZMBDPXIHSA-N	Water	7	500 MHz	6	4.01
1446	HMDB00631	WVULKSPCQVQLCU-ZMBDPXIHSA-N	Water	7	500 MHz	29	3.69
1446	HMDB00631	WVULKSPCQVQLCU-ZMBDPXIHSA-N	Water	7	500 MHz	10	3.6
1446	HMDB00631	WVULKSPCQVQLCU-ZMBDPXIHSA-N	Water	7	500 MHz	24	2.33
1446	HMDB00631	WVULKSPCQVQLCU-ZMBDPXIHSA-N	Water	7	500 MHz	24	2.19
1446	HMDB00631	WVULKSPCQVQLCU-ZMBDPXIHSA-N	Water	7	500 MHz	2	1.79
1446	HMDB00631	WVULKSPCQVQLCU-ZMBDPXIHSA-N	Water	7	500 MHz	14	1.79
1446	HMDB00631	WVULKSPCQVQLCU-ZMBDPXIHSA-N	Water	7	500 MHz	16	1.79
1446	HMDB00631	WVULKSPCQVQLCU-ZMBDPXIHSA-N	Water	7	500 MHz	17	1.79
1446	HMDB00631	WVULKSPCQVQLCU-ZMBDPXIHSA-N	Water	7	500 MHz	23	1.79
1446	HMDB00631	WVULKSPCQVQLCU-ZMBDPXIHSA-N	Water	7	500 MHz	9	1.79
1446	HMDB00631	WVULKSPCQVQLCU-ZMBDPXIHSA-N	Water	7	500 MHz	12	1.79
1446	HMDB00631	WVULKSPCQVQLCU-ZMBDPXIHSA-N	Water	7	500 MHz	15	1.62
1446	HMDB00631	WVULKSPCQVQLCU-ZMBDPXIHSA-N	Water	7	500 MHz	4	1.62
1446	HMDB00631	WVULKSPCQVQLCU-ZMBDPXIHSA-N	Water	7	500 MHz	11	1.45
1446	HMDB00631	WVULKSPCQVQLCU-ZMBDPXIHSA-N	Water	7	500 MHz	7	1.45
1446	HMDB00631	WVULKSPCQVQLCU-ZMBDPXIHSA-N	Water	7	500 MHz	3	1.45
1446	HMDB00631	WVULKSPCQVQLCU-ZMBDPXIHSA-N	Water	7	500 MHz	9	1.45
1446	HMDB00631	WVULKSPCQVQLCU-ZMBDPXIHSA-N	Water	7	500 MHz	13	1.45
1446	HMDB00631	WVULKSPCQVQLCU-ZMBDPXIHSA-N	Water	7	500 MHz	22	1.45
1446	HMDB00631	WVULKSPCQVQLCU-ZMBDPXIHSA-N	Water	7	500 MHz	23	1.45
1446	HMDB00631	WVULKSPCQVQLCU-ZMBDPXIHSA-N	Water	7	500 MHz	16	1.23
1446	HMDB00631	WVULKSPCQVQLCU-ZMBDPXIHSA-N	Water	7	500 MHz	14	1.23
1446	HMDB00631	WVULKSPCQVQLCU-ZMBDPXIHSA-N	Water	7	500 MHz	13	1.1
1446	HMDB00631	WVULKSPCQVQLCU-ZMBDPXIHSA-N	Water	7	500 MHz	15	1.1
1446	HMDB00631	WVULKSPCQVQLCU-ZMBDPXIHSA-N	Water	7	500 MHz	12	0.97
1446	HMDB00631	WVULKSPCQVQLCU-ZMBDPXIHSA-N	Water	7	500 MHz	27	0.96
1446	HMDB00631	WVULKSPCQVQLCU-ZMBDPXIHSA-N	Water	7	500 MHz	18	0.9
1446	HMDB00631	WVULKSPCQVQLCU-ZMBDPXIHSA-N	Water	7	500 MHz	19	0.68
1105	HMDB00138	RFDAIACWWDREDC-MZMBZMQMSA-N	Water	6.99	600 MHz	12	4.04
1105	HMDB00138	RFDAIACWWDREDC-MZMBZMQMSA-N	Water	6.99	600 MHz	11	3.88
1105	HMDB00138	RFDAIACWWDREDC-MZMBZMQMSA-N	Water	6.99	600 MHz	16	3.48
1105	HMDB00138	RFDAIACWWDREDC-MZMBZMQMSA-N	Water	6.99	600 MHz	21	2.37
1105	HMDB00138	RFDAIACWWDREDC-MZMBZMQMSA-N	Water	6.99	600 MHz	30	2.22
1105	HMDB00138	RFDAIACWWDREDC-MZMBZMQMSA-N	Water	6.99	600 MHz	21	2.22
1105	HMDB00138	RFDAIACWWDREDC-MZMBZMQMSA-N	Water	6.99	600 MHz	7	2.09
1105	HMDB00138	RFDAIACWWDREDC-MZMBZMQMSA-N	Water	6.99	600 MHz	30	2.09
1105	HMDB00138	RFDAIACWWDREDC-MZMBZMQMSA-N	Water	6.99	600 MHz	17	2.09
1105	HMDB00138	RFDAIACWWDREDC-MZMBZMQMSA-N	Water	6.99	600 MHz	14	1.95
1105	HMDB00138	RFDAIACWWDREDC-MZMBZMQMSA-N	Water	6.99	600 MHz	3	1.95
1105	HMDB00138	RFDAIACWWDREDC-MZMBZMQMSA-N	Water	6.99	600 MHz	6	1.69
1105	HMDB00138	RFDAIACWWDREDC-MZMBZMQMSA-N	Water	6.99	600 MHz	13	1.69
1105	HMDB00138	RFDAIACWWDREDC-MZMBZMQMSA-N	Water	6.99	600 MHz	15	1.69
1105	HMDB00138	RFDAIACWWDREDC-MZMBZMQMSA-N	Water	6.99	600 MHz	4	1.69
1105	HMDB00138	RFDAIACWWDREDC-MZMBZMQMSA-N	Water	6.99	600 MHz	2	1.69
1105	HMDB00138	RFDAIACWWDREDC-MZMBZMQMSA-N	Water	6.99	600 MHz	17	1.69
1105	HMDB00138	RFDAIACWWDREDC-MZMBZMQMSA-N	Water	6.99	600 MHz	20	1.69
1105	HMDB00138	RFDAIACWWDREDC-MZMBZMQMSA-N	Water	6.99	600 MHz	10	1.69
1105	HMDB00138	RFDAIACWWDREDC-MZMBZMQMSA-N	Water	6.99	600 MHz	5	1.69
1105	HMDB00138	RFDAIACWWDREDC-MZMBZMQMSA-N	Water	6.99	600 MHz	14	1.69
1105	HMDB00138	RFDAIACWWDREDC-MZMBZMQMSA-N	Water	6.99	600 MHz	9	1.38
1105	HMDB00138	RFDAIACWWDREDC-MZMBZMQMSA-N	Water	6.99	600 MHz	19	1.38
1105	HMDB00138	RFDAIACWWDREDC-MZMBZMQMSA-N	Water	6.99	600 MHz	20	1.38
1105	HMDB00138	RFDAIACWWDREDC-MZMBZMQMSA-N	Water	6.99	600 MHz	15	1.26
1105	HMDB00138	RFDAIACWWDREDC-MZMBZMQMSA-N	Water	6.99	600 MHz	3	1.26
1105	HMDB00138	RFDAIACWWDREDC-MZMBZMQMSA-N	Water	6.99	600 MHz	4	1.1
1105	HMDB00138	RFDAIACWWDREDC-MZMBZMQMSA-N	Water	6.99	600 MHz	10	0.99
1105	HMDB00138	RFDAIACWWDREDC-MZMBZMQMSA-N	Water	6.99	600 MHz	28	0.93
1105	HMDB00138	RFDAIACWWDREDC-MZMBZMQMSA-N	Water	6.99	600 MHz	24	0.9
1105	HMDB00138	RFDAIACWWDREDC-MZMBZMQMSA-N	Water	6.99	600 MHz	18	0.7
1574	HMDB00866	CAHKINHBCWCHCF-JTQLQIEISA-N	Water	7	500 MHz	10	7.72
1574	HMDB00866	CAHKINHBCWCHCF-JTQLQIEISA-N	Water	7	500 MHz	3	7.15
1574	HMDB00866	CAHKINHBCWCHCF-JTQLQIEISA-N	Water	7	500 MHz	5	7.15
1574	HMDB00866	CAHKINHBCWCHCF-JTQLQIEISA-N	Water	7	500 MHz	2	6.85
1574	HMDB00866	CAHKINHBCWCHCF-JTQLQIEISA-N	Water	7	500 MHz	6	6.85
1574	HMDB00866	CAHKINHBCWCHCF-JTQLQIEISA-N	Water	7	500 MHz	9	4.38
1574	HMDB00866	CAHKINHBCWCHCF-JTQLQIEISA-N	Water	7	500 MHz	8	3.1
1574	HMDB00866	CAHKINHBCWCHCF-JTQLQIEISA-N	Water	7	500 MHz	8	2.84
1574	HMDB00866	CAHKINHBCWCHCF-JTQLQIEISA-N	Water	7	500 MHz	15	1.93
1670	HMDB01256	PFNFFQXMRSDOHW-UHFFFAOYSA-N	Water	7	500 MHz	8	1.53
1670	HMDB01256	PFNFFQXMRSDOHW-UHFFFAOYSA-N	Water	7	500 MHz	7	1.53
1670	HMDB01256	PFNFFQXMRSDOHW-UHFFFAOYSA-N	Water	7	500 MHz	12	1.67
1670	HMDB01256	PFNFFQXMRSDOHW-UHFFFAOYSA-N	Water	7	500 MHz	3	1.67
1670	HMDB01256	PFNFFQXMRSDOHW-UHFFFAOYSA-N	Water	7	500 MHz	9	2.68
1670	HMDB01256	PFNFFQXMRSDOHW-UHFFFAOYSA-N	Water	7	500 MHz	6	2.68
1670	HMDB01256	PFNFFQXMRSDOHW-UHFFFAOYSA-N	Water	7	500 MHz	11	2.68
1670	HMDB01256	PFNFFQXMRSDOHW-UHFFFAOYSA-N	Water	7	500 MHz	2	2.68
1670	HMDB01256	PFNFFQXMRSDOHW-UHFFFAOYSA-N	Water	7	500 MHz	13	2.68
1670	HMDB01256	PFNFFQXMRSDOHW-UHFFFAOYSA-N	Water	7	500 MHz	4	2.68
1109	HMDB00148	WHUUTDBJXJRKMK-VKHMYHEASA-N	Water	7	500 MHz	6	2.04
1109	HMDB00148	WHUUTDBJXJRKMK-VKHMYHEASA-N	Water	7	500 MHz	6	2.119
1109	HMDB00148	WHUUTDBJXJRKMK-VKHMYHEASA-N	Water	7	500 MHz	7	2.341
1109	HMDB00148	WHUUTDBJXJRKMK-VKHMYHEASA-N	Water	7	500 MHz	4	3.748
1371	HMDB00442	WHBMMWSBFZVSSR-VKHMYHEASA-N	Water	7	600 MHz	7	1.21
1371	HMDB00442	WHBMMWSBFZVSSR-VKHMYHEASA-N	Water	7	600 MHz	4	2.45
1371	HMDB00442	WHBMMWSBFZVSSR-VKHMYHEASA-N	Water	7	600 MHz	5	4.19
1943	HMDB03269	ZBSGKPYXQINNGF-UHFFFAOYSA-N	Water	7	500 MHz	10	4.28
1943	HMDB03269	ZBSGKPYXQINNGF-UHFFFAOYSA-N	Water	7	500 MHz	5	8.25
1943	HMDB03269	ZBSGKPYXQINNGF-UHFFFAOYSA-N	Water	7	500 MHz	4	9
1943	HMDB03269	ZBSGKPYXQINNGF-UHFFFAOYSA-N	Water	7	500 MHz	6	9
1943	HMDB03269	ZBSGKPYXQINNGF-UHFFFAOYSA-N	Water	7	500 MHz	2	9.25
1871	HMDB02303	QMMFVYPAHWMCMS-UHFFFAOYSA-N	Water	7	500 MHz	2	2.11
1871	HMDB02303	QMMFVYPAHWMCMS-UHFFFAOYSA-N	Water	7	500 MHz	3	2.11
2059	HMDB12127	GTOFKXZQQDSVFH-VIFPVBQESA-N	Water	7	500 MHz	11	2.33
2059	HMDB12127	GTOFKXZQQDSVFH-VIFPVBQESA-N	Water	7	500 MHz	7	2.5
2059	HMDB12127	GTOFKXZQQDSVFH-VIFPVBQESA-N	Water	7	500 MHz	8	2.85
2059	HMDB12127	GTOFKXZQQDSVFH-VIFPVBQESA-N	Water	7	500 MHz	7	2.85
2059	HMDB12127	GTOFKXZQQDSVFH-VIFPVBQESA-N	Water	7	500 MHz	11	2.85
2059	HMDB12127	GTOFKXZQQDSVFH-VIFPVBQESA-N	Water	7	500 MHz	4	7.26
2059	HMDB12127	GTOFKXZQQDSVFH-VIFPVBQESA-N	Water	7	500 MHz	6	7.26
2059	HMDB12127	GTOFKXZQQDSVFH-VIFPVBQESA-N	Water	7	500 MHz	2	7.26
2059	HMDB12127	GTOFKXZQQDSVFH-VIFPVBQESA-N	Water	7	500 MHz	5	7.35
2059	HMDB12127	GTOFKXZQQDSVFH-VIFPVBQESA-N	Water	7	500 MHz	3	7.35
1052	HMDB00048	DLRVVLDZNNYCBX-ABXHMFFYSA-N	Water	7	500 MHz	2	5.24
1052	HMDB00048	DLRVVLDZNNYCBX-ABXHMFFYSA-N	Water	7	500 MHz	16	3.98
1052	HMDB00048	DLRVVLDZNNYCBX-ABXHMFFYSA-N	Water	7	500 MHz	28	3.98
1052	HMDB00048	DLRVVLDZNNYCBX-ABXHMFFYSA-N	Water	7	500 MHz	15	3.98
1052	HMDB00048	DLRVVLDZNNYCBX-ABXHMFFYSA-N	Water	7	500 MHz	29	3.98
1052	HMDB00048	DLRVVLDZNNYCBX-ABXHMFFYSA-N	Water	7	500 MHz	11	3.98
1052	HMDB00048	DLRVVLDZNNYCBX-ABXHMFFYSA-N	Water	7	500 MHz	31	3.98
1052	HMDB00048	DLRVVLDZNNYCBX-ABXHMFFYSA-N	Water	7	500 MHz	6	3.89
1052	HMDB00048	DLRVVLDZNNYCBX-ABXHMFFYSA-N	Water	7	500 MHz	27	3.89
1052	HMDB00048	DLRVVLDZNNYCBX-ABXHMFFYSA-N	Water	7	500 MHz	18	3.82
1052	HMDB00048	DLRVVLDZNNYCBX-ABXHMFFYSA-N	Water	7	500 MHz	26	3.82
1052	HMDB00048	DLRVVLDZNNYCBX-ABXHMFFYSA-N	Water	7	500 MHz	11	3.73
1052	HMDB00048	DLRVVLDZNNYCBX-ABXHMFFYSA-N	Water	7	500 MHz	31	3.73
1052	HMDB00048	DLRVVLDZNNYCBX-ABXHMFFYSA-N	Water	7	500 MHz	19	3.73
1052	HMDB00048	DLRVVLDZNNYCBX-ABXHMFFYSA-N	Water	7	500 MHz	41	3.73
1052	HMDB00048	DLRVVLDZNNYCBX-ABXHMFFYSA-N	Water	7	500 MHz	4	3.73
1052	HMDB00048	DLRVVLDZNNYCBX-ABXHMFFYSA-N	Water	7	500 MHz	35	3.63
1052	HMDB00048	DLRVVLDZNNYCBX-ABXHMFFYSA-N	Water	7	500 MHz	3	3.51
1052	HMDB00048	DLRVVLDZNNYCBX-ABXHMFFYSA-N	Water	7	500 MHz	5	3.51
1052	HMDB00048	DLRVVLDZNNYCBX-ABXHMFFYSA-N	Water	7	500 MHz	17	3.51
1052	HMDB00048	DLRVVLDZNNYCBX-ABXHMFFYSA-N	Water	7	500 MHz	36	3.51
1052	HMDB00048	DLRVVLDZNNYCBX-ABXHMFFYSA-N	Water	7	500 MHz	37	3.51
1052	HMDB00048	DLRVVLDZNNYCBX-ABXHMFFYSA-N	Water	7	500 MHz	32	3.25
1157	HMDB00187	MTCFGRXMJLQNBG-REOHCLBHSA-N	Water	7	500 MHz	3	3.832
1157	HMDB00187	MTCFGRXMJLQNBG-REOHCLBHSA-N	Water	7	500 MHz	2	3.958
1037	HMDB00023	DBXBTMSZEOQQDU-VKHMYHEASA-N	Water	7	500 MHz	6	1.114
1037	HMDB00023	DBXBTMSZEOQQDU-VKHMYHEASA-N	Water	7	500 MHz	3	2.649
1037	HMDB00023	DBXBTMSZEOQQDU-VKHMYHEASA-N	Water	7	500 MHz	2	3.683
1136	HMDB00172	AGPKZVBTJJNPAG-WHFBIAKZSA-N	Water	7	600 MHz	8	0.926
1136	HMDB00172	AGPKZVBTJJNPAG-WHFBIAKZSA-N	Water	7	600 MHz	9	0.997
1136	HMDB00172	AGPKZVBTJJNPAG-WHFBIAKZSA-N	Water	7	600 MHz	7	1.248
1136	HMDB00172	AGPKZVBTJJNPAG-WHFBIAKZSA-N	Water	7	600 MHz	7	1.457
1136	HMDB00172	AGPKZVBTJJNPAG-WHFBIAKZSA-N	Water	7	600 MHz	6	1.968
1136	HMDB00172	AGPKZVBTJJNPAG-WHFBIAKZSA-N	Water	7	600 MHz	4	3.661
1791	HMDB01901	SLXKOJJOQWFEFD-UHFFFAOYSA-N	Water	7	500 MHz	8	2.99
1791	HMDB01901	SLXKOJJOQWFEFD-UHFFFAOYSA-N	Water	7	500 MHz	4	2.19
1791	HMDB01901	SLXKOJJOQWFEFD-UHFFFAOYSA-N	Water	7	500 MHz	7	1.67
1791	HMDB01901	SLXKOJJOQWFEFD-UHFFFAOYSA-N	Water	7	500 MHz	5	1.58
1791	HMDB01901	SLXKOJJOQWFEFD-UHFFFAOYSA-N	Water	7	500 MHz	6	1.37
1388	HMDB00479	JDHILDINMRGULE-LURJTMIESA-N	Water	7.1	500 MHz	7	3.24
1388	HMDB00479	JDHILDINMRGULE-LURJTMIESA-N	Water	7.1	500 MHz	6	3.7
1388	HMDB00479	JDHILDINMRGULE-LURJTMIESA-N	Water	7.1	500 MHz	8	3.93
1388	HMDB00479	JDHILDINMRGULE-LURJTMIESA-N	Water	7.1	500 MHz	5	7.05
1388	HMDB00479	JDHILDINMRGULE-LURJTMIESA-N	Water	7.1	500 MHz	2	7.92
1649	HMDB01140	NUJGJRNETVAIRJ-UHFFFAOYSA-N	Water	7	500 MHz	9	0.85
1649	HMDB01140	NUJGJRNETVAIRJ-UHFFFAOYSA-N	Water	7	500 MHz	4	1.27
1649	HMDB01140	NUJGJRNETVAIRJ-UHFFFAOYSA-N	Water	7	500 MHz	5	1.27
1649	HMDB01140	NUJGJRNETVAIRJ-UHFFFAOYSA-N	Water	7	500 MHz	6	1.27
1649	HMDB01140	NUJGJRNETVAIRJ-UHFFFAOYSA-N	Water	7	500 MHz	7	1.27
1649	HMDB01140	NUJGJRNETVAIRJ-UHFFFAOYSA-N	Water	7	500 MHz	8	1.27
1649	HMDB01140	NUJGJRNETVAIRJ-UHFFFAOYSA-N	Water	7	500 MHz	3	2.51
1649	HMDB01140	NUJGJRNETVAIRJ-UHFFFAOYSA-N	Water	7	500 MHz	2	9.66
1835	HMDB02006	PECYZEOJVXMISF-REOHCLBHSA-N	Water	7	500 MHz	6	3.38
1835	HMDB02006	PECYZEOJVXMISF-REOHCLBHSA-N	Water	7	500 MHz	4	3.92
1203	HMDB00212	OVRNDRQMDRJTHS-CBQIKETKSA-N	Water	7	500 MHz	30	2.05
1203	HMDB00212	OVRNDRQMDRJTHS-CBQIKETKSA-N	Water	7	500 MHz	15	2.05
1203	HMDB00212	OVRNDRQMDRJTHS-CBQIKETKSA-N	Water	7	500 MHz	21	3.69
1203	HMDB00212	OVRNDRQMDRJTHS-CBQIKETKSA-N	Water	7	500 MHz	19	3.69
1203	HMDB00212	OVRNDRQMDRJTHS-CBQIKETKSA-N	Water	7	500 MHz	13	3.76
1203	HMDB00212	OVRNDRQMDRJTHS-CBQIKETKSA-N	Water	7	500 MHz	28	3.76
1203	HMDB00212	OVRNDRQMDRJTHS-CBQIKETKSA-N	Water	7	500 MHz	18	3.87
1203	HMDB00212	OVRNDRQMDRJTHS-CBQIKETKSA-N	Water	7	500 MHz	4	3.91
1203	HMDB00212	OVRNDRQMDRJTHS-CBQIKETKSA-N	Water	7	500 MHz	20	3.93
1203	HMDB00212	OVRNDRQMDRJTHS-CBQIKETKSA-N	Water	7	500 MHz	5	4
1203	HMDB00212	OVRNDRQMDRJTHS-CBQIKETKSA-N	Water	7	500 MHz	6	4.12
1203	HMDB00212	OVRNDRQMDRJTHS-CBQIKETKSA-N	Water	7	500 MHz	3	4.12
1203	HMDB00212	OVRNDRQMDRJTHS-CBQIKETKSA-N	Water	7	500 MHz	2	5.23
1088	HMDB00112	BTCSSZJGUNDROE-UHFFFAOYSA-N	Water	7	600 MHz	5	1.89
1088	HMDB00112	BTCSSZJGUNDROE-UHFFFAOYSA-N	Water	7	600 MHz	4	2.28
1088	HMDB00112	BTCSSZJGUNDROE-UHFFFAOYSA-N	Water	7	600 MHz	6	3
